features_id,bedrooms,squareFootage,features,bathrooms,lotSize
0,3.0,1404.0,"{'architectureType': 'Conventional', 'cooling': True, 'coolingType': 'Central', 'exteriorType': 'Combination', 'floorCount': 1, 'foundationType': 'Raised', 'garage': True, 'garageType': 'Garage', 'heating': True, 'heatingType': 'Baseboard', 'roomCount': 5}",2.0,11108.0
1,3.0,2258.0,"{'cooling': True, 'coolingType': 'Central', 'exteriorType': 'Stucco', 'floorCount': 1, 'foundationType': 'Slab / Mat / Raft', 'garage': True, 'garageType': 'Attached', 'heating': True, 'heatingType': 'Central', 'pool': True, 'roofType': 'Asphalt', 'unitCount': 1}",2.0,10890.0
2,0.0,0.0,{},0.0,0.0
3,6.0,3345.0,"{'architectureType': 'Two Family', 'cooling': True, 'coolingType': 'Commercial', 'exteriorType': 'Brick / Stone', 'floorCount': 3, 'garage': True, 'garageType': 'Detached', 'roofType': 'Roll Tar & Gravel', 'unitCount': 3}",3.0,3780.0
4,5.0,2418.0,"{'cooling': True, 'coolingType': 'Central', 'floorCount': 2, 'foundationType': 'Slab / Mat / Raft', 'garage': True, 'garageSpaces': 2, 'garageType': 'Attached', 'heating': True, 'heatingType': 'Forced Air', 'roofType': 'Asphalt'}",2.5,5053.0
5,3.0,2139.0,"{'cooling': True, 'coolingType': 'Central', 'exteriorType': 'Brick Veneer', 'fireplace': True, 'floorCount': 1, 'foundationType': 'Slab / Mat / Raft', 'garage': True, 'garageSpaces': 2, 'garageType': 'Attached', 'heating': True, 'heatingType': 'Central', 'roofType': 'Composition Shingle', 'unitCount': 1}",2.0,6984.0
6,3.0,1140.0,"{'cooling': True, 'coolingType': 'Central', 'exteriorType': 'Brick', 'floorCount': 1, 'foundationType': 'Slab / Mat / Raft', 'garage': True, 'garageType': 'Garage', 'heating': True, 'heatingType': 'Central', 'roofType': 'Composition Shingle', 'unitCount': 1}",2.0,6595.0
7,3.0,1152.0,"{'cooling': True, 'coolingType': 'Central', 'fireplace': True, 'floorCount': 1, 'garage': True, 'garageSpaces': 2, 'garageType': 'Garage', 'roomCount': 6, 'unitCount': 1}",1.0,8400.0
8,3.0,1444.0,"{'architectureType': 'Townhouse', 'cooling': True, 'coolingType': 'Commercial', 'exteriorType': 'Siding', 'floorCount': 2, 'heating': True, 'heatingType': 'Forced Air', 'roofType': 'Composition Shingle', 'unitCount': 1}",3.5,6403.0
9,3.0,1170.0,"{'architectureType': 'Cape Cod', 'exteriorType': 'Aluminum / Vinyl Siding', 'fireplace': True, 'floorCount': 1, 'heating': True, 'heatingType': 'Gas', 'roomCount': 6, 'unitCount': 1}",1.0,5663.0
10,2.0,1484.0,"{'architectureType': 'Conventional', 'floorCount': 1, 'garage': True, 'garageSpaces': 1, 'garageType': 'Garage', 'heating': True, 'heatingType': 'Central', 'pool': True, 'roomCount': 8, 'unitCount': 1}",2.0,8207.0
11,5.0,2880.0,"{'cooling': True, 'coolingType': 'Central', 'fireplace': True, 'floorCount': 2, 'garage': True, 'garageSpaces': 2, 'garageType': 'Attached', 'heating': True, 'heatingType': 'Central', 'pool': True, 'roofType': 'Tile', 'unitCount': 1}",3.0,13939.0
12,4.0,2493.0,"{'architectureType': 'Traditional', 'cooling': True, 'coolingType': 'Central', 'exteriorType': 'Brick', 'fireplace': True, 'floorCount': 2, 'foundationType': 'Slab / Mat / Raft', 'garage': True, 'garageSpaces': 1, 'garageType': 'Detached', 'heating': True, 'heatingType': 'Central', 'roomCount': 8, 'unitCount': 1, 'pool': True}",2.5,10637.0
13,4.0,2290.0,"{'architectureType': 'Colonial', 'cooling': True, 'coolingType': 'Commercial', 'exteriorType': 'Aluminum / Vinyl Siding', 'floorCount': 2, 'garage': True, 'garageSpaces': 2, 'garageType': 'Attached', 'heating': True, 'heatingType': 'Hot Water', 'roofType': 'Asphalt', 'roomCount': 8}",2.5,36155.0
14,4.0,2420.0,"{'fireplace': True, 'floorCount': 2, 'garage': True, 'garageType': 'Attached', 'heating': True, 'heatingType': 'Forced Air', 'unitCount': 1}",2.5,84942.0
15,2.0,948.0,"{'architectureType': 'Duplex', 'roomCount': 14}",2.0,3808.0
16,5.0,4112.0,"{'cooling': True, 'coolingType': 'Central', 'fireplace': True, 'floorCount': 2, 'garage': True, 'garageSpaces': 3, 'garageType': 'Attached Garage', 'heating': True, 'heatingType': 'Central', 'pool': True, 'roofType': 'Tile', 'unitCount': 1}",4.0,114998.0
17,3.0,1684.0,"{'architectureType': 'Traditional', 'cooling': True, 'coolingType': 'Central', 'exteriorType': 'Brick Veneer', 'floorCount': 1, 'foundationType': 'Slab / Mat / Raft', 'garage': True, 'garageSpaces': 2, 'garageType': 'Attached', 'heating': True, 'heatingType': 'Central', 'roomCount': 6, 'unitCount': 1}",2.0,6599.0
18,4.0,1693.0,"{'cooling': True, 'coolingType': 'Central', 'floorCount': 1, 'foundationType': 'Slab / Mat / Raft', 'garage': True, 'garageSpaces': 1, 'garageType': 'Attached', 'heating': True, 'heatingType': 'Forced Air', 'roofType': 'Asphalt'}",2.0,5227.0
19,2.0,1800.0,"{'architectureType': 'Multi-Unit Building', 'cooling': True, 'coolingType': 'Central', 'floorCount': 1, 'heating': True, 'heatingType': 'Central', 'unitCount': 2}",2.0,6820.0
20,4.0,2468.0,{},3.5,12632.0
21,3.0,2116.0,"{'cooling': True, 'coolingType': 'Central', 'exteriorType': 'Brick', 'fireplace': True, 'floorCount': 1, 'garage': True, 'garageType': 'Attached', 'heating': True, 'heatingType': 'Central', 'roomCount': 7, 'unitCount': 1}",2.0,17623.0
22,2.0,1207.0,"{'cooling': True, 'coolingType': 'Central', 'exteriorType': 'Brick Veneer', 'floorCount': 1, 'foundationType': 'Slab / Mat / Raft', 'garage': True, 'garageSpaces': 1, 'garageType': 'Attached', 'heating': True, 'heatingType': 'Central', 'roofType': 'Composition Shingle', 'unitCount': 1}",1.5,7500.0
23,3.0,1598.0,"{'architectureType': 'Contemporary', 'cooling': True, 'coolingType': 'Central', 'exteriorType': 'Asbestos Shingle', 'floorCount': 1, 'foundationType': 'Slab / Mat / Raft', 'heating': True, 'heatingType': 'Floor / Wall', 'roofType': 'Roll Tar & Gravel', 'roomCount': 6, 'unitCount': 1}",1.5,7536.0
24,1.0,0.0,{},1.0,0.0
25,3.0,1156.0,"{'architectureType': 'Ranch', 'cooling': True, 'coolingType': 'Central', 'exteriorType': 'Brick / Stone', 'floorCount': 1, 'heating': True, 'heatingType': 'Central', 'roofType': 'Composition Shingle', 'roomCount': 6, 'unitCount': 1}",3.0,7187.0
26,3.0,2438.0,Unknown,3.0,0.0
27,4.0,2782.0,"{'cooling': True, 'coolingType': 'Central', 'exteriorType': 'Brick Veneer', 'fireplace': True, 'fireplaceType': 'Prefab', 'floorCount': 2, 'foundationType': 'Crawl / Raised', 'garage': True, 'garageType': 'Garage', 'heating': True, 'heatingType': 'Steam', 'roofType': 'Asphalt', 'unitCount': 1}",2.5,22651.0
28,3.0,3220.0,"{'cooling': True, 'coolingType': 'Partial', 'exteriorType': 'Brick', 'fireplace': True, 'floorCount': 2, 'foundationType': 'Stone', 'garage': True, 'garageSpaces': 2, 'garageType': 'Garage', 'heating': True, 'heatingType': 'Hot Water', 'roofType': 'Metal', 'roomCount': 8, 'unitCount': 2}",1.0,8276.0
29,2.0,942.0,"{'architectureType': 'Ranch', 'exteriorType': 'Metal', 'floorCount': 1, 'foundationType': 'Concrete', 'garage': True, 'garageSpaces': 1, 'garageType': 'Detached', 'roofType': 'Asphalt', 'roomCount': 4, 'unitCount': 1}",1.0,4500.0
30,3.0,1391.0,"{'architectureType': 'Conventional', 'cooling': True, 'coolingType': 'Commercial', 'floorCount': 1, 'garage': True, 'garageSpaces': 1, 'garageType': 'Garage', 'heating': True, 'heatingType': 'Central', 'roomCount': 9, 'unitCount': 1}",2.0,7688.0
31,3.0,1906.0,Unknown,1.5,2526.0
32,0.0,2109.0,"{'cooling': True, 'coolingType': 'Refrigeration', 'exteriorType': 'Wood', 'floorCount': 1, 'garage': True, 'garageSpaces': 2, 'garageType': 'Garage', 'heating': True, 'heatingType': 'Gravity', 'roofType': 'Other', 'unitCount': 1}",3.0,6421.0
33,5.0,3465.0,Unknown,3.5,19602.0
34,3.0,1402.0,"{'exteriorType': 'OTHER', 'fireplace': True, 'floorCount': 1, 'foundationType': 'Raised', 'garage': True, 'garageType': 'Attached', 'heating': True, 'heatingType': 'Forced Air', 'roofType': 'Composition Shingle', 'roomCount': 5, 'unitCount': 1}",2.0,9583.0
35,3.0,2246.0,"{'architectureType': 'Ranch / Rambler', 'cooling': True, 'coolingType': 'Central', 'exteriorType': 'Stucco', 'floorCount': 1, 'garage': True, 'garageSpaces': 1, 'garageType': 'Attached', 'heating': True, 'heatingType': 'Forced Air', 'pool': True, 'roofType': 'Asphalt', 'unitCount': 1}",2.0,22410.0
36,4.0,2338.0,"{'cooling': True, 'coolingType': 'Central', 'exteriorType': 'Brick Veneer', 'fireplace': True, 'floorCount': 1, 'foundationType': 'Slab / Mat / Raft', 'garage': True, 'garageSpaces': 2, 'garageType': 'Attached', 'heating': True, 'heatingType': 'Central', 'pool': True, 'roofType': 'Composition Shingle', 'unitCount': 1}",2.0,8115.0
37,3.0,1084.0,"{'floorCount': 1, 'garage': True, 'garageSpaces': 2, 'garageType': 'Attached', 'heating': True, 'heatingType': 'Floor / Wall', 'unitCount': 1, 'cooling': True, 'coolingType': 'Commercial'}",2.0,4791.0
38,4.0,3076.0,"{'cooling': True, 'coolingType': 'Central', 'exteriorType': 'Wood', 'fireplace': True, 'floorCount': 1, 'garage': True, 'garageType': 'Mixed', 'heating': True, 'heatingType': 'Forced Air', 'pool': True, 'roofType': 'Concrete Tile', 'unitCount': 1}",3.0,14712.0
39,3.0,1758.0,Unknown,2.5,0.0
40,3.0,1217.0,"{'cooling': True, 'coolingType': 'Central', 'exteriorType': 'Stucco', 'floorCount': 1, 'garage': True, 'garageType': 'Garage', 'heating': True, 'heatingType': 'Forced Air', 'roofType': 'Composition Shingle', 'unitCount': 1}",2.0,0.0
41,2.0,640.0,"{'exteriorType': 'Vinyl', 'floorCount': 1, 'heating': True, 'heatingType': 'Gravity', 'roomCount': 5, 'unitCount': 1}",1.0,0.0
42,3.0,1560.0,"{'architectureType': 'Conventional', 'floorCount': 1, 'garage': True, 'garageSpaces': 1, 'garageType': 'Garage', 'heating': True, 'heatingType': 'Floor / Wall', 'roomCount': 6, 'unitCount': 1}",1.0,5980.0
43,2.0,1052.0,"{'architectureType': 'Condo / Apartment', 'exteriorType': 'Wood', 'fireplace': True, 'fireplaceType': 'Prefab', 'floorCount': 1, 'foundationType': 'OTHER', 'garage': True, 'garageType': 'Carport', 'heating': True, 'heatingType': 'Baseboard', 'roofType': 'Composition Shingle', 'unitCount': 2}",2.0,0.0
44,0.0,0.0,Unknown,1.0,0.0
45,0.0,840.0,"{'architectureType': 'Mobile Home', 'floorCount': 1, 'heating': True, 'heatingType': 'Central'}",0.0,0.0
46,0.0,0.0,Unknown,0.0,0.0
47,4.0,1453.0,Unknown,2.0,0.0
48,4.0,3450.0,"{'cooling': True, 'coolingType': 'Central', 'fireplace': True, 'floorCount': 2, 'garage': True, 'garageSpaces': 4, 'garageType': 'Attached Garage', 'heating': True, 'heatingType': 'Central', 'roofType': 'Asphalt', 'roomCount': 14, 'unitCount': 1}",3.0,16988.0
49,4.0,1774.0,"{'architectureType': 'Condo / Apartment', 'fireplace': True, 'floorCount': 2, 'garage': True, 'garageType': 'Garage', 'roomCount': 6, 'unitCount': 1}",3.0,1774.0
50,0.0,1693.0,"{'cooling': True, 'coolingType': 'Central', 'exteriorType': 'Stucco', 'fireplace': True, 'floorCount': 1, 'foundationType': 'Slab / Mat / Raft', 'garage': True, 'garageType': 'Attached', 'heating': True, 'heatingType': 'Central', 'roofType': 'Composition Shingle'}",2.0,10341.0
51,4.0,2218.0,"{'cooling': True, 'coolingType': 'Central', 'fireplace': True, 'floorCount': 1, 'garage': True, 'garageType': 'Carport', 'heating': True, 'heatingType': 'Central', 'roofType': 'Wood Shingle', 'unitCount': 1}",1.0,40946.0
52,5.0,3851.0,"{'cooling': True, 'coolingType': 'Central', 'floorCount': 2, 'garage': True, 'garageSpaces': 3, 'garageType': 'Garage', 'heating': True, 'heatingType': 'Central', 'pool': True, 'unitCount': 1}",3.0,9566.0
53,3.0,1465.0,"{'architectureType': 'Condo / Apartment', 'cooling': True, 'coolingType': 'Central', 'exteriorType': 'Stucco', 'floorCount': 1, 'garage': True, 'garageSpaces': 2, 'garageType': 'Mixed', 'heating': True, 'heatingType': 'Forced Air', 'roofType': 'Tile', 'roomCount': 5, 'unitCount': 1}",2.0,0.0
54,3.0,1322.0,"{'cooling': True, 'coolingType': 'Central', 'exteriorType': 'Concrete', 'fireplace': True, 'fireplaceType': 'Prefab', 'floorCount': 1, 'foundationType': 'Masonry', 'garage': True, 'garageType': 'Garage', 'heating': True, 'heatingType': 'Central', 'roofType': 'Asphalt', 'roomCount': 6, 'unitCount': 1}",2.0,24490.0
55,2.0,900.0,Unknown,1.5,0.0
56,2.0,920.0,"{'cooling': True, 'coolingType': 'Commercial', 'exteriorType': 'Stucco', 'fireplace': True, 'floorCount': 1, 'garage': True, 'garageSpaces': 1, 'garageType': 'Garage', 'heating': True, 'heatingType': 'Forced Air', 'roofType': 'Tile', 'roomCount': 5, 'unitCount': 1}",1.0,871.0
57,2.0,880.0,"{'exteriorType': 'Concrete Block', 'floorCount': 1, 'unitCount': 1}",1.0,5600.0
58,3.0,2089.0,"{'cooling': True, 'coolingType': 'Commercial', 'exteriorType': 'Brick', 'floorCount': 2, 'heating': True, 'heatingType': 'Central', 'roofType': 'Composition Shingle', 'unitCount': 1, 'foundationType': 'Footing', 'garage': True, 'garageType': 'Garage'}",2.0,0.0
59,2.0,1216.0,Unknown,2.0,0.0
60,4.0,2890.0,"{'cooling': True, 'coolingType': 'Central', 'exteriorType': 'Brick Veneer', 'fireplace': True, 'floorCount': 2, 'foundationType': 'Pier / Post & Beam', 'garage': True, 'garageSpaces': 2, 'garageType': 'Detached', 'heating': True, 'heatingType': 'Central', 'pool': True, 'roofType': 'Composition Shingle', 'unitCount': 1}",3.0,9787.0
61,4.0,2274.0,"{'architectureType': 'Conventional', 'cooling': True, 'coolingType': 'Central', 'exteriorType': 'Brick', 'floorCount': 1, 'garage': True, 'garageSpaces': 2, 'garageType': 'Attached', 'heating': True, 'heatingType': 'Forced Air', 'roofType': 'Composition Shingle', 'unitCount': 1}",3.0,12001.0
62,2.0,1332.0,"{'architectureType': 'Ranch / Rambler', 'cooling': True, 'coolingType': 'Commercial', 'exteriorType': 'Brick Veneer', 'fireplace': True, 'floorCount': 1, 'foundationType': 'Masonry', 'garage': True, 'garageSpaces': 2, 'garageType': 'Attached Garage', 'heating': True, 'heatingType': 'Forced Air', 'roofType': 'Composition Shingle', 'roomCount': 6, 'unitCount': 1, 'viewType': 'Cul-de-sac'}",2.0,12197.0
63,1.0,644.0,Unknown,1.0,0.0
64,5.0,3231.0,Unknown,3.5,0.0
65,3.0,1566.0,"{'architectureType': 'Ranch', 'cooling': True, 'coolingType': 'Central', 'exteriorType': 'Brick', 'fireplace': True, 'floorCount': 1, 'garage': True, 'garageSpaces': 2, 'garageType': 'Attached', 'heating': True, 'heatingType': 'Forced Air', 'roofType': 'Composition Shingle', 'roomCount': 6, 'unitCount': 1}",1.0,5061.0
66,4.0,1607.0,"{'exteriorType': 'Stucco', 'floorCount': 1, 'roofType': 'Other', 'unitCount': 1}",2.0,6988.0
67,2.0,868.0,"{'architectureType': 'Contemporary', 'cooling': True, 'coolingType': 'Central', 'exteriorType': 'Aluminum / Vinyl Siding', 'floorCount': 1, 'foundationType': 'Slab', 'garage': True, 'garageSpaces': 1, 'garageType': 'Mixed', 'heating': True, 'heatingType': 'Forced Air', 'roofType': 'Asphalt', 'roomCount': 5, 'unitCount': 1}",1.0,7144.0
68,6.0,6703.0,"{'cooling': True, 'coolingType': 'Commercial', 'fireplace': True, 'floorCount': 2, 'garage': True, 'garageType': 'Garage', 'heating': True, 'heatingType': 'Forced Air'}",5.0,105415.0
69,2.0,939.0,"{'architectureType': 'Cape Cod', 'exteriorType': 'Aluminum / Vinyl Siding', 'fireplace': True, 'floorCount': 2, 'garage': True, 'garageSpaces': 1, 'garageType': 'Detached', 'heating': True, 'heatingType': 'Gravity', 'roofType': 'Asphalt', 'roomCount': 5, 'unitCount': 1}",2.0,4720.0
70,2.0,1122.0,"{'floorCount': 1, 'garage': True, 'garageType': 'Garage', 'unitCount': 1}",2.0,6787.0
71,4.0,2496.0,"{'cooling': True, 'coolingType': 'Central', 'exteriorType': 'Stucco', 'floorCount': 2, 'garage': True, 'garageSpaces': 2, 'garageType': 'Garage', 'heating': True, 'heatingType': 'Forced Air', 'roofType': 'Composition Shingle', 'unitCount': 1}",2.0,12218.0
72,6.0,2152.0,"{'architectureType': 'Two Family', 'exteriorType': 'Aluminum / Vinyl Siding', 'floorCount': 2, 'heating': True, 'heatingType': 'Hot Water', 'roofType': 'Shingle (Not Wood)', 'roomCount': 10, 'unitCount': 2}",2.0,7405.0
73,3.0,1400.0,Unknown,2.0,0.0
74,0.0,0.0,Unknown,0.0,12632.0
75,3.0,1506.0,"{'architectureType': 'Ranch', 'cooling': True, 'coolingType': 'Central', 'exteriorType': 'Brick Veneer', 'fireplace': True, 'fireplaceType': '2 Story', 'foundationType': 'OTHER', 'heating': True, 'heatingType': 'Heat Pump', 'roofType': 'Shingle', 'unitCount': 1}",2.0,42253.0
76,3.0,1667.0,"{'architectureType': 'Single Story', 'cooling': True, 'coolingType': 'Central', 'exteriorType': 'Stucco', 'fireplace': True, 'floorCount': 1, 'garage': True, 'garageSpaces': 1, 'garageType': 'Attached', 'heating': True, 'heatingType': 'Forced Air', 'roofType': 'Tile', 'roomCount': 5, 'unitCount': 1}",2.0,9148.0
77,3.0,2002.0,"{'architectureType': 'Single Story', 'cooling': True, 'coolingType': 'Central', 'exteriorType': 'Stucco', 'fireplace': True, 'floorCount': 1, 'garage': True, 'garageSpaces': 2, 'garageType': 'Attached Garage', 'heating': True, 'heatingType': 'Forced Air', 'roofType': 'Tile', 'roomCount': 6, 'unitCount': 1}",2.0,7405.0
78,3.0,1068.0,"{'cooling': True, 'coolingType': 'Central', 'floorCount': 1, 'garage': True, 'garageSpaces': 1, 'garageType': 'Attached', 'heating': True, 'heatingType': 'Central', 'roofType': 'Asphalt', 'roomCount': 5}",1.0,6900.0
79,4.0,2983.0,Unknown,3.5,14375.0
80,4.0,0.0,Unknown,2.5,0.0
81,0.0,840.0,"{'architectureType': 'European', 'floorCount': 1}",0.0,0.0
82,3.0,1105.0,"{'architectureType': 'Colonial', 'cooling': True, 'coolingType': 'Central', 'exteriorType': 'Brick / Stone', 'fireplace': True, 'fireplaceType': 'Single', 'floorCount': 2, 'heating': True, 'heatingType': 'Central', 'roomCount': 6, 'unitCount': 1}",1.0,6000.0
83,2.0,1120.0,"{'architectureType': 'Townhouse', 'cooling': True, 'coolingType': 'Package', 'fireplace': True, 'floorCount': 2, 'garage': True, 'garageType': 'Carport', 'heating': True, 'heatingType': 'Forced Air', 'unitCount': 1}",2.0,523.0
84,3.0,2573.0,"{'cooling': True, 'coolingType': 'Commercial', 'exteriorType': 'Aluminum / Vinyl Siding', 'fireplace': True, 'floorCount': 2, 'garage': True, 'garageType': 'Attached', 'heating': True}",2.0,5489.0
85,0.0,768.0,"{'cooling': True, 'coolingType': 'Central', 'exteriorType': 'Wood', 'floorCount': 1, 'garage': True, 'garageType': 'Carport', 'unitCount': 1}",0.0,10890.0
86,3.0,2020.0,"{'cooling': True, 'coolingType': 'Central', 'exteriorType': 'Aluminum / Vinyl Siding', 'fireplace': True, 'fireplaceType': 'Prefab', 'floorCount': 2, 'foundationType': 'Other', 'garage': True, 'garageSpaces': 2, 'garageType': 'Garage', 'heating': True, 'heatingType': 'Central', 'roofType': 'Asphalt', 'unitCount': 1}",2.5,5227.0
87,1.0,795.0,{'architectureType': 'Condo / Apartment'},1.5,0.0
88,4.0,3180.0,"{'cooling': True, 'coolingType': 'Central', 'floorCount': 2, 'garage': True, 'garageSpaces': 3, 'garageType': 'Garage', 'heating': True, 'heatingType': 'Central'}",3.0,31124.0
89,0.0,0.0,{},0.0,479160.0
90,0.0,2861.0,"{'cooling': True, 'coolingType': 'Central', 'exteriorType': 'Brick Veneer', 'fireplace': True, 'floorCount': 1, 'foundationType': 'Slab / Mat / Raft', 'garage': True, 'garageSpaces': 3, 'garageType': 'Attached', 'heating': True, 'heatingType': 'Central', 'roofType': 'Composition Shingle'}",0.0,46827.0
91,3.0,2431.0,"{'cooling': True, 'coolingType': 'Commercial', 'exteriorType': 'OTHER', 'floorCount': 1, 'garage': True, 'garageType': 'Garage', 'heating': True, 'heatingType': 'Forced Air', 'pool': True, 'roofType': 'Composition Shingle', 'unitCount': 1, 'viewType': 'Water'}",2.5,13695.0
92,3.0,0.0,Unknown,1.0,0.0
93,4.0,2378.0,"{'cooling': True, 'coolingType': 'Central', 'exteriorType': 'Concrete Block', 'floorCount': 2, 'foundationType': 'Slab / Mat / Raft', 'garage': True, 'garageSpaces': 1, 'garageType': 'Attached', 'heating': True, 'heatingType': 'Central', 'roomCount': 7, 'unitCount': 1}",2.5,5519.0
94,0.0,4677.0,"{'cooling': True, 'coolingType': 'Refrigeration', 'exteriorType': 'Stucco', 'floorCount': 2, 'garage': True, 'garageSpaces': 6, 'garageType': 'Garage', 'heating': True, 'pool': True, 'roofType': 'Concrete Tile'}",6.0,12601.0
95,2.0,1004.0,"{'architectureType': 'Townhouse', 'exteriorType': 'Brick', 'unitCount': 1}",1.5,1307.0
96,1.0,863.0,"{'architectureType': 'Condo / Apartment', 'cooling': True, 'coolingType': 'Commercial', 'exteriorType': 'Brick / Stone', 'floorCount': 1, 'heating': True, 'unitCount': 1, 'viewType': 'Average'}",1.0,0.0
97,0.0,0.0,"{'architectureType': 'Condo / Apartment', 'floorCount': 26, 'unitCount': 1}",0.0,42875.0
98,0.0,1986.0,{},0.0,7579.0
99,5.0,1900.0,Unknown,4.5,6000.0
100,4.0,2551.0,"{'architectureType': 'Split Level', 'cooling': True, 'coolingType': 'Commercial', 'exteriorType': 'Aluminum / Vinyl Siding', 'fireplace': True, 'floorCount': 2, 'garage': True, 'garageSpaces': 2, 'garageType': 'Attached Garage', 'heating': True, 'heatingType': 'Forced Air', 'roofType': 'Composition Shingle', 'roomCount': 8, 'unitCount': 1}",2.5,16600.0
101,0.0,0.0,Unknown,0.0,94869.0
102,2.0,728.0,"{'garage': True, 'garageSpaces': 1, 'garageType': 'Detached Garage', 'heating': True, 'heatingType': 'Floor / Wall', 'unitCount': 1}",1.0,5369.0
103,2.0,936.0,"{'architectureType': 'Traditional', 'cooling': True, 'coolingType': 'Central', 'exteriorType': 'Concrete Block', 'floorCount': 1, 'foundationType': 'Slab / Mat / Raft', 'heating': True, 'heatingType': 'Central', 'roomCount': 4, 'unitCount': 1}",1.0,5001.0
104,0.0,1248.0,{'architectureType': 'Mobile Home'},0.0,43560.0
105,2.0,1104.0,Unknown,1.0,0.0
106,4.0,3187.0,"{'cooling': True, 'coolingType': 'Central', 'exteriorType': 'Stucco', 'fireplace': True, 'floorCount': 2, 'foundationType': 'Footing', 'garage': True, 'garageSpaces': 2, 'garageType': 'Garage', 'heating': True, 'heatingType': 'Forced Air', 'pool': True, 'poolType': 'Pool and Hot Tub / Spa', 'roofType': 'Shingle', 'unitCount': 1}",3.0,12998.0
107,3.0,3200.0,Unknown,3.5,0.0
108,2.0,1932.0,"{'exteriorType': 'Stone', 'floorCount': 1}",2.0,12197.0
109,0.0,0.0,{},0.0,43560.0
110,4.0,3080.0,Unknown,3.5,117612.0
111,3.0,1569.0,"{'architectureType': 'Contemporary', 'cooling': True, 'coolingType': 'Central', 'exteriorType': 'Stucco', 'floorCount': 1, 'garage': True, 'garageType': 'Garage', 'heating': True, 'heatingType': 'Central', 'roofType': 'Composition Shingle', 'unitCount': 1}",2.0,6771.0
112,12.0,2390.0,"{'exteriorType': 'Concrete Block', 'floorCount': 1}",12.0,4000.0
113,0.0,1882.0,"{'architectureType': 'Ranch / Rambler', 'cooling': True, 'coolingType': 'Central', 'exteriorType': 'Brick', 'floorCount': 1, 'garage': True, 'garageSpaces': 2, 'garageType': 'Attached', 'heating': True, 'heatingType': 'Central', 'roofType': 'Asphalt', 'unitCount': 1}",3.0,13068.0
114,4.0,2645.0,"{'architectureType': 'Contemporary', 'cooling': True, 'coolingType': 'Central', 'exteriorType': 'Other', 'floorCount': 2, 'foundationType': 'Slab / Mat / Raft', 'garage': True, 'garageSpaces': 1, 'garageType': 'Attached', 'heating': True, 'heatingType': 'Forced Air', 'roofType': 'Asphalt', 'roomCount': 8, 'unitCount': 1}",2.5,6839.0
115,5.0,6642.0,"{'cooling': True, 'coolingType': 'Commercial', 'fireplace': True, 'floorCount': 2, 'foundationType': 'Slab / Mat / Raft', 'garage': True, 'garageSpaces': 4, 'garageType': 'Attached', 'heating': True, 'heatingType': 'Central', 'pool': True, 'poolType': 'Pool and Hot Tub / Spa', 'roofType': 'Tile', 'unitCount': 1}",6.0,44431.0
116,0.0,1340.0,"{'architectureType': 'Townhouse', 'cooling': True, 'coolingType': 'Commercial', 'exteriorType': 'Wood', 'fireplace': True, 'floorCount': 2, 'garage': True, 'garageType': 'Garage', 'heating': True, 'heatingType': 'Forced Air', 'roofType': 'Composition Shingle', 'unitCount': 1}",2.5,1614.0
117,2.0,784.0,"{'architectureType': 'Bungalow', 'cooling': True, 'coolingType': 'Commercial', 'exteriorType': 'Aluminum / Vinyl Siding', 'floorCount': 1, 'foundationType': 'Concrete Block', 'heating': True, 'heatingType': 'Oil', 'roofType': 'Shingle (Not Wood)', 'roomCount': 5, 'unitCount': 1}",1.0,14810.0
118,3.0,1642.0,"{'architectureType': 'Conventional', 'cooling': True, 'coolingType': 'Commercial', 'floorCount': 1, 'garage': True, 'garageSpaces': 1, 'garageType': 'Garage', 'heating': True, 'heatingType': 'Central', 'roomCount': 10, 'unitCount': 1}",3.0,7537.0
119,2.0,908.0,"{'cooling': True, 'coolingType': 'Central', 'exteriorType': 'Aluminum / Vinyl Siding', 'floorCount': 1, 'foundationType': 'Pier / Post & Beam', 'heating': True, 'heatingType': 'Central', 'roofType': 'Shingle', 'roomCount': 8, 'unitCount': 1}",2.0,0.0
120,3.0,1117.0,"{'cooling': True, 'coolingType': 'Commercial', 'exteriorType': 'Brick / Stone', 'foundationType': 'Slab / Mat / Raft', 'garage': True, 'garageType': 'Garage', 'heating': True, 'heatingType': 'Central', 'roofType': 'Composition Shingle', 'unitCount': 1}",2.0,7874.0
121,1.0,600.0,Unknown,1.0,0.0
122,3.0,916.0,"{'cooling': True, 'coolingType': 'Window', 'exteriorType': 'Aluminum / Vinyl Siding', 'floorCount': 1, 'foundationType': 'Pier', 'garage': True, 'garageType': 'Garage', 'heating': True, 'heatingType': 'Gas', 'roofType': 'Composition Shingle', 'unitCount': 1}",1.0,7236.0
123,3.0,2014.0,"{'cooling': True, 'coolingType': 'Central', 'fireplace': True, 'floorCount': 1, 'garage': True, 'garageSpaces': 2, 'garageType': 'Garage', 'heating': True, 'heatingType': 'Central', 'pool': True, 'roofType': 'Wood Shake / Shingle', 'roomCount': 7, 'unitCount': 1}",2.5,7841.0
124,5.0,4370.0,"{'architectureType': 'Traditional', 'cooling': True, 'coolingType': 'Central', 'exteriorType': 'Brick', 'fireplace': True, 'floorCount': 2, 'foundationType': 'Slab / Mat / Raft', 'garage': True, 'garageSpaces': 2, 'garageType': 'Attached', 'heating': True, 'heatingType': 'Central', 'pool': True, 'poolType': 'Pool, Gunite', 'roomCount': 10, 'unitCount': 1}",3.5,9845.0
125,2.0,1182.0,"{'architectureType': 'European', 'cooling': True, 'coolingType': 'Central', 'exteriorType': 'Wood', 'floorCount': 1, 'foundationType': 'Pier / Post & Beam', 'garage': True, 'garageType': 'Carport', 'heating': True, 'heatingType': 'Forced Air', 'roofType': 'Shingle', 'unitCount': 1}",2.0,5505.0
126,3.0,0.0,Unknown,2.0,0.0
127,4.0,2022.0,"{'architectureType': 'Cape Cod', 'cooling': True, 'coolingType': 'Central', 'exteriorType': 'Stone', 'fireplace': True, 'floorCount': 1, 'garage': True, 'garageSpaces': 1, 'garageType': 'Attached', 'heating': True, 'heatingType': 'Central', 'roofType': 'Slate', 'roomCount': 8, 'unitCount': 1}",2.5,15500.0
128,0.0,1818.0,"{'architectureType': 'Townhouse', 'cooling': True, 'coolingType': 'Commercial', 'exteriorType': 'Wood', 'fireplace': True, 'fireplaceType': '2 Story', 'floorCount': 3, 'garage': True, 'garageType': 'Attached', 'heating': True, 'heatingType': 'Heat Pump', 'roofType': 'Composition Shingle', 'unitCount': 1}",2.5,25047.0
129,0.0,0.0,"{'cooling': True, 'coolingType': 'Central', 'exteriorType': 'Stucco', 'fireplace': True, 'floorCount': 2, 'foundationType': 'Slab', 'garage': True, 'heating': True, 'heatingType': 'Central', 'pool': True, 'roomCount': 8, 'unitCount': 1}",5.0,701.0
130,3.0,1475.0,"{'architectureType': 'Conventional', 'cooling': True, 'coolingType': 'Central', 'exteriorType': 'Brick Veneer', 'fireplace': True, 'floorCount': 1, 'heating': True, 'heatingType': 'Central', 'roofType': 'Composition Shingle', 'roomCount': 6, 'unitCount': 1}",1.0,6882.0
131,3.0,1469.0,"{'cooling': True, 'coolingType': 'Central', 'exteriorType': 'Wood', 'fireplace': True, 'floorCount': 1, 'foundationType': 'Slab / Mat / Raft', 'garage': True, 'garageSpaces': 1, 'garageType': 'Attached', 'heating': True, 'heatingType': 'Central', 'roofType': 'Composition Shingle'}",2.0,6120.0
132,3.0,1777.0,{'unitCount': 1},2.0,6825.0
133,3.0,1585.0,Unknown,1.5,0.0
134,64.0,0.0,"{'architectureType': 'Mobile Home', 'unitCount': 1}",0.0,20909.0
135,3.0,1296.0,{},1.0,0.0
136,6.0,5797.0,"{'architectureType': 'Duplex', 'cooling': True, 'coolingType': 'Commercial', 'unitCount': 2}",6.0,7650.0
137,5.0,3444.0,"{'architectureType': 'Contemporary', 'cooling': True, 'coolingType': 'Central', 'exteriorType': 'Stucco', 'floorCount': 2, 'garage': True, 'garageSpaces': 2, 'garageType': 'Garage', 'heating': True, 'heatingType': 'Central', 'pool': True, 'poolType': 'Reinforced Concrete', 'roofType': 'Composition Shingle', 'unitCount': 1}",4.0,11859.0
138,3.0,1197.0,"{'cooling': True, 'coolingType': 'Central', 'exteriorType': 'Brick', 'floorCount': 1, 'foundationType': 'Other', 'garage': True, 'garageType': 'Attached', 'heating': True, 'heatingType': 'Central', 'roofType': 'Asphalt', 'roomCount': 6, 'unitCount': 1}",1.0,9148.0
139,2.0,1710.0,"{'cooling': True, 'coolingType': 'Central', 'exteriorType': 'Brick / Stone', 'fireplace': True, 'floorCount': 1, 'foundationType': 'Raised', 'garage': True, 'garageType': 'Basement', 'heating': True, 'heatingType': 'Central', 'roofType': 'Asphalt', 'roomCount': 5}",2.0,23522.0
140,3.0,1749.0,"{'cooling': True, 'coolingType': 'Commercial', 'exteriorType': 'Siding', 'floorCount': 2, 'garage': True, 'garageType': 'Attached', 'heating': True, 'heatingType': 'Forced Air', 'roomCount': 8}",1.5,3049.0
141,2.0,912.0,"{'cooling': True, 'coolingType': 'Central', 'exteriorType': 'Brick', 'floorCount': 2, 'heating': True, 'heatingType': 'Steam', 'roomCount': 4, 'unitCount': 1}",1.0,5501.0
142,0.0,1440.0,{},0.0,0.0
143,3.0,1844.0,"{'cooling': True, 'coolingType': 'Central', 'exteriorType': 'Stucco', 'floorCount': 1, 'garage': True, 'garageSpaces': 2, 'garageType': 'Attached Garage', 'heating': True, 'heatingType': 'Central', 'pool': True, 'roofType': 'Tile', 'roomCount': 6, 'unitCount': 1}",2.0,5837.0
144,5.0,2459.0,"{'cooling': True, 'coolingType': 'Central', 'exteriorType': 'Stucco', 'floorCount': 2, 'garage': True, 'garageSpaces': 2, 'garageType': 'Built-in', 'heating': True, 'heatingType': 'Forced Air', 'roofType': 'Tile', 'roomCount': 8}",3.0,4500.0
145,3.0,1992.0,Unknown,2.0,0.0
146,0.0,0.0,{'architectureType': 'Condo / Apartment'},0.0,17122.0
147,4.0,2250.0,Unknown,2.0,10000.0
148,0.0,1024.0,"{'architectureType': 'Townhouse', 'cooling': True, 'coolingType': 'Commercial', 'exteriorType': 'Wood', 'fireplace': True, 'floorCount': 2, 'garage': True, 'garageType': 'Garage', 'heating': True, 'heatingType': 'Heat Pump', 'roofType': 'Composition Shingle', 'unitCount': 1}",1.5,63598.0
149,2.0,1122.0,"{'cooling': True, 'coolingType': 'Central', 'floorCount': 1, 'foundationType': 'Crawl / Raised', 'garage': True, 'garageSpaces': 2, 'garageType': 'Detached Garage', 'heating': True, 'heatingType': 'Central', 'roofType': 'Asphalt', 'roomCount': 4}",2.0,5663.0
150,3.0,1264.0,Unknown,1.0,7841.0
151,5.0,2905.0,Unknown,2.5,0.0
152,3.0,1717.0,"{'cooling': True, 'coolingType': 'Central', 'exteriorType': 'Brick Veneer', 'fireplace': True, 'floorCount': 1, 'foundationType': 'Slab / Mat / Raft', 'garage': True, 'garageSpaces': 2, 'garageType': 'Attached', 'heating': True, 'heatingType': 'Central', 'pool': True, 'poolType': 'Pool, Gunite', 'roomCount': 5, 'unitCount': 1}",2.0,7627.0
153,4.0,3413.0,"{'cooling': True, 'coolingType': 'Central', 'exteriorType': 'OTHER', 'fireplace': True, 'fireplaceType': 'Gas Log', 'floorCount': 2, 'foundationType': 'OTHER', 'garage': True, 'garageType': 'Built-in', 'heating': True, 'heatingType': 'Central', 'roofType': 'Wood Shingle', 'roomCount': 9, 'unitCount': 1}",5.0,15540.0
154,2.0,1607.0,"{'architectureType': 'Townhouse', 'cooling': True, 'coolingType': 'Central', 'exteriorType': 'Brick Veneer', 'fireplace': True, 'floorCount': 1, 'foundationType': 'Slab', 'garage': True, 'garageSpaces': 2, 'garageType': 'Attached', 'heating': True, 'heatingType': 'Central', 'roomCount': 6, 'unitCount': 1}",2.0,3615.0
155,0.0,1485.0,"{'cooling': True, 'coolingType': 'Commercial', 'fireplace': True, 'floorCount': 1, 'garage': True, 'garageType': 'Attached', 'heating': True, 'heatingType': 'Central', 'unitCount': 1}",2.0,16117.0
156,2.0,1450.0,Unknown,1.0,0.0
157,3.0,1652.0,Unknown,2.0,0.0
158,4.0,3178.0,"{'cooling': True, 'coolingType': 'Central', 'fireplace': True, 'fireplaceType': 'Backed', 'floorCount': 1, 'garage': True, 'garageSpaces': 2, 'garageType': 'Attached', 'heating': True, 'heatingType': 'Central', 'pool': True, 'poolType': 'Pool and Hot Tub / Spa', 'unitCount': 1}",3.0,15681.0
159,3.0,1424.0,"{'cooling': True, 'coolingType': 'Central', 'floorCount': 1, 'garage': True, 'garageSpaces': 1, 'garageType': 'Detached Garage', 'heating': True, 'heatingType': 'Central', 'roofType': 'Asphalt', 'roomCount': 7, 'unitCount': 1}",0.0,5706.0
160,2.0,1152.0,Unknown,1.0,0.0
161,4.0,2917.0,"{'cooling': True, 'coolingType': 'Central', 'exteriorType': 'Brick', 'floorCount': 1, 'foundationType': 'Slab / Mat / Raft', 'garage': True, 'garageType': 'Garage', 'heating': True, 'heatingType': 'Central', 'roofType': 'Composition Shingle', 'fireplace': True}",2.0,33977.0
162,0.0,2851.0,"{'architectureType': 'Conventional', 'cooling': True, 'coolingType': 'Commercial', 'exteriorType': 'Brick', 'fireplace': True, 'floorCount': 2, 'garage': True, 'garageSpaces': 3, 'garageType': 'Attached', 'heating': True, 'heatingType': 'Forced Air', 'roofType': 'Composition Shingle', 'unitCount': 1}",2.5,30818.0
163,5.0,3612.0,"{'cooling': True, 'coolingType': 'Central', 'exteriorType': 'Stucco', 'floorCount': 2, 'garage': True, 'garageType': 'Built-in', 'heating': True, 'heatingType': 'Forced Air', 'roofType': 'Tile', 'roomCount': 9}",3.0,9466.0
164,0.0,1422.0,"{'architectureType': 'Cape Cod', 'exteriorType': 'Aluminum / Vinyl Siding', 'floorCount': 2, 'garage': True, 'garageType': 'Garage', 'unitCount': 1}",0.0,4561.0
165,4.0,1699.0,"{'architectureType': 'Colonial', 'cooling': True, 'coolingType': 'Central', 'exteriorType': 'Aluminum / Vinyl Siding', 'floorCount': 2, 'foundationType': 'Raised', 'garage': True, 'garageSpaces': 1, 'garageType': 'Garage', 'heating': True, 'heatingType': 'Forced Air', 'roofType': 'Composition Shingle', 'roomCount': 7, 'unitCount': 1}",2.5,4792.0
166,2.0,750.0,Unknown,1.5,0.0
167,1.0,1141.0,"{'architectureType': 'Ranch', 'cooling': True, 'coolingType': 'Commercial', 'exteriorType': 'Wood', 'fireplace': True, 'fireplaceType': 'Single', 'floorCount': 1, 'foundationType': 'OTHER', 'garage': True, 'garageType': 'Built-in', 'heating': True, 'heatingType': 'Forced Air', 'roofType': 'Composition Shingle', 'roomCount': 4}",2.5,2866.0
168,2.0,1265.0,"{'architectureType': 'Mobile Home', 'cooling': True, 'coolingType': 'Commercial', 'exteriorType': 'OTHER', 'floorCount': 1, 'heating': True, 'heatingType': 'Central', 'roofType': 'Composition Shingle', 'unitCount': 1}",2.0,5663.0
169,3.0,1456.0,Unknown,2.0,0.0
170,3.0,2166.0,"{'architectureType': 'Ranch', 'cooling': True, 'coolingType': 'Commercial', 'exteriorType': 'Combination', 'fireplace': True, 'floorCount': 1, 'garage': True, 'garageType': 'Attached', 'heating': True, 'heatingType': 'Hot Water', 'roofType': 'Asphalt', 'roomCount': 8}",2.0,44867.0
171,3.0,1396.0,"{'architectureType': 'Conventional', 'cooling': True, 'coolingType': 'Central', 'exteriorType': 'Brick Veneer', 'fireplace': True, 'floorCount': 1, 'foundationType': 'Slab / Mat / Raft', 'garage': True, 'garageType': 'Garage', 'heating': True, 'heatingType': 'Central', 'roofType': 'Composition Shingle', 'unitCount': 1}",2.0,6986.0
172,2.0,1010.0,"{'architectureType': 'Ranch', 'exteriorType': 'Siding', 'fireplace': True, 'floorCount': 1, 'foundationType': 'OTHER', 'garage': True, 'garageType': 'Detached', 'heating': True, 'roofType': 'Composition Shingle', 'unitCount': 1}",1.0,7013.0
173,2.0,1738.0,"{'architectureType': 'Duplex', 'cooling': True, 'coolingType': 'Central', 'exteriorType': 'Brick Veneer', 'fireplace': True, 'floorCount': 1, 'foundationType': 'Pier / Post & Beam', 'garage': True, 'garageSpaces': 2, 'garageType': 'Mixed', 'heating': True, 'heatingType': 'Central', 'roofType': 'Composition Shingle', 'unitCount': 1}",2.0,12514.0
174,3.0,2778.0,"{'architectureType': 'Colonial', 'cooling': True, 'coolingType': 'Commercial', 'fireplace': True, 'floorCount': 2, 'garage': True, 'garageSpaces': 2, 'garageType': 'Attached Garage', 'heating': True, 'heatingType': 'Package', 'roomCount': 8, 'unitCount': 1}",4.0,12632.0
175,3.0,2615.0,"{'architectureType': 'Raised Ranch', 'cooling': True, 'coolingType': 'Commercial', 'exteriorType': 'Aluminum / Vinyl Siding', 'floorCount': 1, 'garage': True, 'garageType': 'Garage', 'heating': True, 'heatingType': 'Hot Water', 'roofType': 'Asphalt', 'roomCount': 6, 'unitCount': 2}",2.5,20038.0
176,3.0,2178.0,"{'architectureType': 'Duplex Single', 'cooling': True, 'coolingType': 'Central', 'exteriorType': 'Brick', 'floorCount': 3, 'garage': True, 'garageType': 'Garage', 'heating': True, 'heatingType': 'Forced Air', 'roomCount': 8}",2.0,2832.0
177,4.0,3231.0,"{'architectureType': '2+ Story', 'cooling': True, 'coolingType': 'Central', 'exteriorType': 'Stucco', 'fireplace': True, 'floorCount': 2, 'garage': True, 'garageSpaces': 4, 'garageType': 'Attached Garage', 'heating': True, 'heatingType': 'Forced Air', 'pool': True, 'roofType': 'Tile', 'roomCount': 7, 'unitCount': 1}",4.0,33541.0
178,1.0,432.0,"{'architectureType': 'Mobile Home', 'garage': True, 'garageType': 'Carport', 'unitCount': 1}",1.0,2400.0
179,3.0,1056.0,Unknown,2.0,0.0
180,1.0,732.0,{},1.0,0.0
181,2.0,1508.0,"{'architectureType': 'Condo / Apartment', 'unitCount': 1}",2.0,0.0
182,4.0,3109.0,"{'cooling': True, 'coolingType': 'Central', 'exteriorType': 'Brick Veneer', 'fireplace': True, 'floorCount': 1, 'foundationType': 'Slab / Mat / Raft', 'garage': True, 'garageSpaces': 1, 'garageType': 'Carport', 'heating': True, 'heatingType': 'Central', 'pool': True, 'roofType': 'Composition Shingle', 'unitCount': 1}",3.0,9760.0
183,2.0,907.0,Unknown,2.0,9999.0
184,0.0,3342.0,"{'cooling': True, 'coolingType': 'Refrigeration', 'exteriorType': 'Wood', 'fireplace': True, 'floorCount': 1, 'garage': True, 'garageSpaces': 2, 'garageType': 'Attached', 'heating': True, 'heatingType': 'Forced Air', 'roofType': 'Built-up (Layered Asphalt)', 'roomCount': 6}",0.0,19166.0
185,4.0,1152.0,"{'cooling': True, 'coolingType': 'Commercial', 'exteriorType': 'Combination', 'fireplace': True, 'floorCount': 1, 'heating': True, 'heatingType': 'Heat Pump', 'roofType': 'Composition Shingle', 'roomCount': 7}",2.5,0.0
186,0.0,1260.0,"{'cooling': True, 'coolingType': 'Central', 'exteriorType': 'Aluminum / Vinyl Siding', 'floorCount': 1, 'foundationType': 'Slab / Mat / Raft', 'garage': True, 'garageSpaces': 1, 'garageType': 'Detached', 'heating': True, 'heatingType': 'Central', 'roofType': 'Metal', 'unitCount': 1}",2.0,8329.0
187,4.0,5115.0,Unknown,3.5,0.0
188,0.0,1260.0,"{'cooling': True, 'coolingType': 'Central', 'exteriorType': 'Brick Veneer', 'fireplace': True, 'floorCount': 1, 'foundationType': 'Slab', 'garage': True, 'garageSpaces': 1, 'garageType': 'Garage', 'heating': True, 'heatingType': 'Central', 'unitCount': 1}",2.0,13526.0
189,3.0,1410.0,"{'cooling': True, 'coolingType': 'Central', 'exteriorType': 'Brick', 'fireplace': True, 'floorCount': 1, 'garage': True, 'garageType': 'Attached', 'heating': True, 'heatingType': 'Central'}",1.5,12510.0
190,1.0,794.0,"{'heating': True, 'heatingType': 'Electric'}",1.0,0.0
191,4.0,946.0,"{'architectureType': 'Conventional', 'cooling': True, 'coolingType': 'Central', 'exteriorType': 'Vinyl', 'floorCount': 1, 'garage': True, 'garageType': 'Carport', 'heating': True, 'heatingType': 'Central', 'roomCount': 6, 'unitCount': 1}",1.0,15000.0
192,3.0,1085.0,"{'architectureType': 'Ranch', 'cooling': True, 'coolingType': 'Commercial', 'fireplace': True, 'floorCount': 1, 'foundationType': 'OTHER', 'garage': True, 'garageType': 'Attached', 'heating': True, 'heatingType': 'Forced Air', 'roofType': 'Asphalt', 'roomCount': 5}",2.0,13981.0
193,0.0,1936.0,"{'cooling': True, 'coolingType': 'Commercial', 'exteriorType': 'Other', 'floorCount': 1, 'foundationType': 'Concrete', 'garage': True, 'garageSpaces': 2, 'garageType': 'Attached', 'heating': True, 'heatingType': 'Central', 'roofType': 'Tile', 'unitCount': 1}",0.0,5227.0
194,3.0,1705.0,"{'architectureType': 'Contemporary', 'cooling': True, 'coolingType': 'Central', 'exteriorType': 'Combination', 'fireplace': True, 'floorCount': 1, 'foundationType': 'Slab / Mat / Raft', 'garage': True, 'garageSpaces': 2, 'garageType': 'Attached', 'heating': True, 'heatingType': 'Forced Air', 'roofType': 'Asphalt', 'roomCount': 6, 'unitCount': 1}",2.0,12458.0
195,4.0,2203.0,"{'cooling': True, 'coolingType': 'Central', 'exteriorType': 'Wood', 'floorCount': 2, 'garage': True, 'garageType': 'Garage', 'heating': True, 'heatingType': 'Central', 'roomCount': 8, 'unitCount': 1}",2.0,47916.0
196,3.0,1405.0,"{'architectureType': 'A-Frame', 'cooling': True, 'coolingType': 'Commercial', 'exteriorType': 'Stucco', 'floorCount': 2, 'foundationType': 'OTHER', 'garage': True, 'garageType': 'Built-in', 'heating': True, 'heatingType': 'Forced Air', 'roofType': 'Shingle', 'unitCount': 1}",3.0,1176.0
197,3.0,1660.0,"{'architectureType': 'Ranch', 'cooling': True, 'coolingType': 'Commercial', 'exteriorType': 'Brick Veneer', 'fireplace': True, 'floorCount': 1, 'foundationType': 'OTHER', 'garage': True, 'garageType': 'Attached', 'heating': True, 'heatingType': 'Forced Air', 'roofType': 'Composition Shingle', 'roomCount': 5, 'unitCount': 1}",2.0,16117.0
198,3.0,2509.0,"{'cooling': True, 'coolingType': 'Central', 'floorCount': 1, 'garage': True, 'garageSpaces': 2, 'garageType': 'Garage', 'heating': True, 'heatingType': 'Central', 'unitCount': 1}",2.0,10559.0
199,4.0,1800.0,"{'architectureType': 'Conventional', 'floorCount': 1, 'garage': True, 'garageSpaces': 1, 'garageType': 'Garage', 'heating': True, 'heatingType': 'Central', 'roomCount': 9, 'unitCount': 1}",2.0,5741.0
200,3.0,1358.0,"{'cooling': True, 'coolingType': 'Commercial', 'heating': True, 'heatingType': 'Central', 'unitCount': 1}",2.0,6680.0
201,4.0,3212.0,"{'cooling': True, 'coolingType': 'Central', 'exteriorType': 'Brick', 'fireplace': True, 'floorCount': 1, 'garage': True, 'garageType': 'Attached', 'heating': True, 'heatingType': 'Central', 'roomCount': 8}",3.0,20778.0
202,3.0,1196.0,"{'architectureType': 'Ranch / Rambler', 'cooling': True, 'coolingType': 'Commercial', 'exteriorType': 'Aluminum / Vinyl Siding', 'fireplace': True, 'floorCount': 1, 'foundationType': 'Concrete', 'garage': True, 'garageSpaces': 2, 'garageType': 'Attached Garage', 'heating': True, 'heatingType': 'Forced Air', 'roofType': 'Composition Shingle', 'roomCount': 5, 'unitCount': 1, 'viewType': 'Cul-de-sac'}",2.0,11326.0
203,0.0,592.0,{},1.0,0.0
204,3.0,1179.0,"{'cooling': True, 'coolingType': 'Central', 'exteriorType': 'Stucco', 'floorCount': 1, 'foundationType': 'Slab / Mat / Raft', 'garage': True, 'garageSpaces': 1, 'garageType': 'Carport', 'roofType': 'Tile', 'unitCount': 1}",2.0,8510.0
205,3.0,1989.0,"{'cooling': True, 'coolingType': 'Central', 'exteriorType': 'Brick', 'fireplace': True, 'floorCount': 1, 'foundationType': 'Masonry', 'garage': True, 'garageSpaces': 2, 'garageType': 'Garage', 'heating': True, 'heatingType': 'Forced Air', 'pool': True, 'roofType': 'Shingle', 'unitCount': 1}",2.0,6708.0
206,3.0,1784.0,"{'architectureType': 'Traditional', 'cooling': True, 'coolingType': 'Central', 'exteriorType': 'Brick Veneer', 'fireplace': True, 'floorCount': 1, 'foundationType': 'Slab / Mat / Raft', 'garage': True, 'garageSpaces': 2, 'garageType': 'Attached', 'heating': True, 'heatingType': 'Central', 'roomCount': 6, 'unitCount': 1}",2.0,13843.0
207,3.0,2112.0,"{'architectureType': 'Ranch', 'cooling': True, 'coolingType': 'Central', 'exteriorType': 'Aluminum / Vinyl Siding', 'fireplace': True, 'floorCount': 1, 'garage': True, 'garageSpaces': 2, 'garageType': 'Attached', 'heating': True, 'heatingType': 'Central', 'roomCount': 6}",2.0,22651.0
208,3.0,1265.0,"{'architectureType': 'Condo / Apartment', 'cooling': True, 'coolingType': 'Commercial', 'floorCount': 1, 'heating': True, 'heatingType': 'Central', 'roomCount': 8}",2.0,436.0
209,4.0,1406.0,"{'architectureType': 'Conventional', 'floorCount': 1, 'garage': True, 'garageSpaces': 1, 'garageType': 'Garage', 'heating': True, 'heatingType': 'Floor / Wall', 'roomCount': 5, 'unitCount': 1}",2.0,6000.0
210,4.0,2612.0,"{'cooling': True, 'coolingType': 'Commercial', 'exteriorType': 'Aluminum / Vinyl Siding', 'floorCount': 2, 'foundationType': 'Masonry', 'garage': True, 'garageSpaces': 3, 'garageType': 'Mixed', 'heating': True, 'heatingType': 'Heat Pump', 'roofType': 'Composition Shingle', 'roomCount': 14}",4.0,16988.0
211,6.0,3675.0,Unknown,3.5,0.0
212,0.0,1350.0,"{'architectureType': 'Conventional', 'cooling': True, 'coolingType': 'Commercial', 'exteriorType': 'Aluminum / Vinyl Siding', 'fireplace': True, 'floorCount': 2, 'garage': True, 'garageType': 'Garage', 'heating': True, 'heatingType': 'Forced Air', 'roofType': 'Composition Shingle', 'unitCount': 1}",1.0,8055.0
213,3.0,2196.0,Unknown,2.0,0.0
214,4.0,2379.0,"{'architectureType': 'Split Level', 'cooling': True, 'coolingType': 'Central', 'exteriorType': 'Brick / Stone', 'floorCount': 2, 'garage': True, 'garageSpaces': 2, 'garageType': 'Attached', 'roofType': 'Shingle', 'unitCount': 1}",2.0,5886.0
215,3.0,1160.0,"{'floorCount': 1, 'garage': True, 'garageSpaces': 2, 'garageType': 'Attached', 'roomCount': 8, 'unitCount': 1}",2.0,6300.0
216,3.0,1240.0,"{'architectureType': 'Traditional', 'cooling': True, 'coolingType': 'Central', 'exteriorType': 'Brick Veneer', 'fireplace': True, 'floorCount': 1, 'foundationType': 'Slab / Mat / Raft', 'garage': True, 'garageSpaces': 2, 'garageType': 'Attached', 'heating': True, 'heatingType': 'Central', 'roomCount': 5, 'unitCount': 1, 'pool': True}",2.0,8298.0
217,3.0,1528.0,Unknown,2.5,0.0
218,3.0,1818.0,"{'architectureType': 'Ranch', 'cooling': True, 'coolingType': 'Central', 'exteriorType': 'Aluminum / Vinyl Siding', 'fireplace': True, 'floorCount': 1, 'foundationType': 'Slab / Mat / Raft', 'garage': True, 'garageSpaces': 1, 'garageType': 'Garage', 'heating': True, 'heatingType': 'Forced Air', 'roofType': 'Shingle', 'roomCount': 6, 'unitCount': 1}",2.0,9148.0
219,3.0,1168.0,"{'architectureType': 'Traditional', 'exteriorType': 'OTHER', 'fireplace': True, 'floorCount': 2, 'heating': True, 'heatingType': 'Baseboard', 'roomCount': 6, 'unitCount': 1}",2.0,3049.0
220,4.0,2237.0,"{'architectureType': 'Ranch / Rambler', 'cooling': True, 'coolingType': 'Central', 'exteriorType': 'Stucco', 'fireplace': True, 'fireplaceType': 'Gas Log', 'floorCount': 1, 'heating': True, 'heatingType': 'Forced Air', 'roofType': 'Composition Shingle', 'roomCount': 7, 'unitCount': 1}",3.0,10019.0
221,3.0,1452.0,"{'architectureType': 'Conventional', 'floorCount': 1, 'garage': True, 'garageSpaces': 1, 'garageType': 'Garage', 'heating': True, 'heatingType': 'Floor / Wall', 'roomCount': 6, 'unitCount': 1}",2.0,7189.0
222,3.0,2200.0,Unknown,2.0,0.0
223,1.0,750.0,Unknown,1.0,0.0
224,0.0,2346.0,"{'architectureType': 'Ranch / Rambler', 'cooling': True, 'coolingType': 'Package', 'exteriorType': 'Aluminum / Vinyl Siding', 'fireplace': True, 'floorCount': 1, 'foundationType': 'Footing', 'garage': True, 'garageType': 'Garage', 'heating': True, 'heatingType': 'Package', 'roofType': 'Composition Shingle', 'unitCount': 1}",2.0,25613.0
225,4.0,2763.0,"{'cooling': True, 'coolingType': 'Central', 'exteriorType': 'Brick Veneer', 'fireplace': True, 'floorCount': 2, 'foundationType': 'OTHER', 'garage': True, 'garageType': 'Attached', 'heating': True, 'heatingType': 'Forced Air', 'roofType': 'Composition Shingle', 'roomCount': 8}",2.5,14593.0
226,2.0,1471.0,Unknown,2.0,0.0
227,1.0,692.0,{},1.0,0.0
228,6.0,3488.0,"{'architectureType': 'Traditional', 'exteriorType': 'Aluminum / Vinyl Siding', 'floorCount': 2, 'garage': True, 'garageSpaces': 2, 'garageType': 'Detached Garage', 'heating': True, 'heatingType': 'Forced Air'}",2.0,5950.0
229,2.0,837.0,"{'cooling': True, 'coolingType': 'Central', 'floorCount': 1, 'garage': True, 'garageSpaces': 1, 'garageType': 'Attached Garage', 'heating': True, 'heatingType': 'Central', 'unitCount': 1}",1.0,6200.0
230,1.0,0.0,Unknown,1.0,0.0
231,0.0,3382.0,"{'architectureType': 'Duplex', 'floorCount': 2, 'garage': True, 'garageType': 'Garage', 'unitCount': 2}",0.0,8000.0
232,4.0,2128.0,"{'floorCount': 2, 'garage': True, 'garageSpaces': 2, 'garageType': 'Garage', 'unitCount': 1}",4.0,10890.0
233,0.0,1681.0,"{'fireplace': True, 'floorCount': 2, 'garage': True, 'garageSpaces': 2, 'garageType': 'Garage', 'heating': True, 'heatingType': 'Hot Water'}",1.5,6098.0
234,5.0,2331.0,"{'fireplace': True, 'floorCount': 2, 'garage': True, 'garageType': 'Garage', 'heating': True, 'heatingType': 'Forced Air', 'roomCount': 8, 'unitCount': 1}",2.5,6100.0
235,0.0,1728.0,"{'architectureType': 'Duplex', 'floorCount': 2, 'unitCount': 2}",0.0,2700.0
236,0.0,2902.0,"{'exteriorType': 'Aluminum / Vinyl Siding', 'fireplace': True, 'floorCount': 2, 'garage': True, 'garageType': 'Attached', 'unitCount': 1}",0.0,29621.0
237,0.0,4153.0,"{'cooling': True, 'coolingType': 'Central', 'exteriorType': 'Wood', 'fireplace': True, 'fireplaceType': 'Single', 'floorCount': 1, 'foundationType': 'OTHER', 'garage': True, 'garageType': 'Built-in', 'heating': True, 'heatingType': 'Central', 'roofType': 'Fiberglass'}",4.5,53143.0
238,0.0,1316.0,"{'architectureType': 'Condo / Apartment', 'exteriorType': 'Other', 'floorCount': 1, 'heating': True, 'heatingType': 'Central', 'roofType': 'Asphalt', 'unitCount': 1}",2.0,43560.0
239,3.0,1816.0,"{'cooling': True, 'coolingType': 'Central', 'floorCount': 1, 'heating': True, 'heatingType': 'Central', 'roofType': 'Shingle', 'roomCount': 8}",1.5,0.0
240,3.0,1260.0,"{'architectureType': 'Townhouse', 'cooling': True, 'coolingType': 'Central', 'exteriorType': 'Stucco', 'fireplace': True, 'fireplaceType': 'Prefab', 'floorCount': 1, 'foundationType': 'Slab / Mat / Raft', 'garage': True, 'garageType': 'Attached', 'heating': True, 'heatingType': 'Central', 'roofType': 'Asphalt'}",2.0,32670.0
241,0.0,0.0,Unknown,0.0,2265120.0
242,0.0,0.0,{},0.0,11371.0
243,3.0,2258.0,"{'cooling': True, 'coolingType': 'Commercial', 'exteriorType': 'Brick', 'fireplace': True, 'floorCount': 2, 'foundationType': 'Wood', 'garage': True, 'garageType': 'Attached', 'heating': True, 'heatingType': 'Forced Air', 'roofType': 'Asphalt'}",3.0,0.0
244,3.0,1371.0,Unknown,2.0,6534.0
245,0.0,1844.0,"{'architectureType': 'Conventional', 'cooling': True, 'coolingType': 'Commercial', 'exteriorType': 'Wood Shingle', 'fireplace': True, 'fireplaceType': '1 Story Brick Chimney', 'floorCount': 2, 'garage': True, 'garageType': 'Garage', 'heating': True, 'heatingType': 'Radiant', 'roofType': 'Composition Shingle', 'unitCount': 1}",1.5,8580.0
246,2.0,1146.0,"{'architectureType': 'Conventional', 'cooling': True, 'coolingType': 'Evaporative Cooler', 'fireplace': True, 'floorCount': 1, 'garage': True, 'garageSpaces': 1, 'garageType': 'Detached Garage', 'heating': True, 'heatingType': 'Floor / Wall', 'roofType': 'Built-up', 'roomCount': 5, 'unitCount': 1}",1.0,12600.0
247,1.0,990.0,"{'architectureType': 'Condo / Apartment', 'unitCount': 1}",2.0,0.0
248,0.0,3016.0,"{'floorCount': 1, 'roomCount': 1, 'unitCount': 1}",0.0,109336.0
249,0.0,832.0,"{'exteriorType': 'Aluminum / Vinyl Siding', 'floorCount': 1, 'foundationType': 'Raised'}",1.0,4008.0
250,4.0,3857.0,{},3.0,49266.0
251,3.0,2014.0,"{'cooling': True, 'coolingType': 'Central', 'exteriorType': 'Brick Veneer', 'fireplace': True, 'floorCount': 1, 'foundationType': 'Slab / Mat / Raft', 'garage': True, 'garageType': 'Attached', 'heating': True, 'heatingType': 'Central', 'roofType': 'Composition Shingle', 'unitCount': 1}",2.0,11042.0
252,3.0,1315.0,"{'cooling': True, 'coolingType': 'Package', 'exteriorType': 'Concrete Block', 'floorCount': 1, 'garage': True, 'garageType': 'Carport', 'heating': True, 'heatingType': 'Forced Air', 'roofType': 'Composition Shingle', 'unitCount': 1}",2.0,6600.0
253,0.0,1148.0,"{'architectureType': 'Condo / Apartment', 'cooling': True, 'coolingType': 'Central', 'exteriorType': 'Concrete Block', 'floorCount': 1, 'garage': True, 'garageType': 'Carport', 'heating': True, 'heatingType': 'Forced Air', 'roofType': 'Composition Shingle', 'unitCount': 1}",2.0,22047333.0
254,4.0,3654.0,"{'architectureType': 'Ranch', 'cooling': True, 'coolingType': 'Central', 'exteriorType': 'Stucco', 'fireplace': True, 'floorCount': 1, 'garage': True, 'garageSpaces': 3, 'garageType': 'Garage', 'heating': True, 'heatingType': 'Forced Air', 'pool': True, 'roofType': 'Tile', 'unitCount': 1}",4.0,17990.0
255,4.0,2588.0,"{'architectureType': 'Traditional', 'exteriorType': 'Wood', 'floorCount': 2, 'garage': True, 'garageSpaces': 3, 'garageType': 'Mixed', 'heating': True, 'heatingType': 'Electric', 'roomCount': 9, 'unitCount': 1}",2.0,30928.0
256,4.0,3725.0,"{'cooling': True, 'coolingType': 'Central', 'exteriorType': 'Brick Veneer', 'fireplace': True, 'fireplaceType': 'Single', 'floorCount': 2, 'foundationType': 'Raised', 'garage': True, 'garageType': 'Garage', 'heating': True, 'heatingType': 'Forced Air', 'roofType': 'Asphalt', 'roomCount': 8, 'unitCount': 1}",4.5,43360.0
257,3.0,972.0,"{'architectureType': 'Ranch', 'exteriorType': 'Aluminum / Vinyl Siding', 'floorCount': 1, 'garage': True, 'garageSpaces': 2, 'garageType': 'Detached', 'heating': True, 'heatingType': 'Forced Air', 'roofType': 'Asphalt', 'roomCount': 5, 'unitCount': 1}",1.0,4800.0
258,3.0,1628.0,"{'architectureType': 'Conventional', 'exteriorType': 'Brick Veneer', 'floorCount': 1, 'heating': True, 'heatingType': 'Heat Pump', 'roofType': 'Composition Shingle', 'roomCount': 5}",2.0,17102.0
259,2.0,1590.0,"{'architectureType': 'Condo / Apartment', 'cooling': True, 'coolingType': 'Central', 'exteriorType': 'Stucco', 'fireplace': True, 'floorCount': 2, 'heating': True, 'heatingType': 'Central', 'roomCount': 5, 'unitCount': 1}",3.0,915.0
260,2.0,1283.0,"{'cooling': True, 'coolingType': 'Refrigeration', 'exteriorType': 'Wood', 'floorCount': 1, 'garage': True, 'garageSpaces': 2, 'garageType': 'Garage', 'heating': True, 'heatingType': 'Forced Air', 'roofType': 'Other', 'roomCount': 6, 'unitCount': 1}",2.0,5018.0
261,1.0,570.0,"{'architectureType': 'Condo / Apartment', 'unitCount': 1}",1.0,10023.0
262,0.0,1110.0,"{'cooling': True, 'coolingType': 'Package', 'floorCount': 2, 'foundationType': 'Footing', 'heating': True, 'roofType': 'Composition Shingle', 'unitCount': 1}",0.0,436.0
263,3.0,2014.0,"{'cooling': True, 'coolingType': 'Central', 'exteriorType': 'Stucco', 'fireplace': True, 'floorCount': 1, 'foundationType': 'Footing', 'garage': True, 'garageSpaces': 2, 'garageType': 'Garage', 'heating': True, 'heatingType': 'Forced Air', 'pool': True, 'roofType': 'Shingle', 'unitCount': 1}",3.0,7379.0
264,6.0,3942.0,Unknown,3.0,14375.0
265,0.0,4503.0,"{'cooling': True, 'coolingType': 'Central', 'exteriorType': 'Stucco', 'fireplace': True, 'fireplaceType': 'Prefab', 'floorCount': 2, 'foundationType': 'Slab / Mat / Raft', 'garage': True, 'garageType': 'Attached', 'heating': True, 'heatingType': 'Central', 'roofType': 'Composition Shingle'}",4.5,16599.0
266,0.0,1600.0,{'floorCount': 2},0.0,4904.0
267,3.0,984.0,"{'floorCount': 1, 'foundationType': 'Pier / Post & Beam', 'garage': True, 'garageSpaces': 1, 'garageType': 'Carport', 'heating': True, 'heatingType': 'Floor / Wall', 'roofType': 'Composition Shingle', 'unitCount': 1}",1.0,6595.0
268,0.0,441.0,{'unitCount': 1},1.0,8888.0
269,1.0,858.0,{},1.0,0.0
270,0.0,2795.0,"{'cooling': True, 'coolingType': 'Central', 'exteriorType': 'Siding', 'floorCount': 2, 'foundationType': 'Block with Runner', 'heating': True, 'heatingType': 'Central', 'roofType': 'Metal', 'unitCount': 1}",2.0,63000.0
271,4.0,1456.0,"{'architectureType': 'Bungalow', 'cooling': True, 'coolingType': 'Commercial', 'exteriorType': 'Brick / Stone', 'floorCount': 1, 'garage': True, 'garageSpaces': 2, 'garageType': 'Detached', 'roofType': 'Wood Shingle', 'unitCount': 1}",2.0,5000.0
272,3.0,1430.0,"{'cooling': True, 'coolingType': 'Central', 'fireplace': True, 'floorCount': 1, 'garage': True, 'garageType': 'Attached', 'heating': True, 'heatingType': 'Central', 'roofType': 'Tile', 'unitCount': 1}",2.0,7405.0
273,6.0,2880.0,"{'architectureType': 'Colonial', 'cooling': True, 'coolingType': 'Central', 'exteriorType': 'Aluminum / Vinyl Siding', 'floorCount': 2, 'heating': True, 'heatingType': 'Central', 'roomCount': 12, 'unitCount': 2}",3.0,9583.0
274,3.0,2575.0,"{'architectureType': 'Contemporary', 'cooling': True, 'coolingType': 'Central', 'exteriorType': 'Combination', 'floorCount': 2, 'foundationType': 'Slab / Mat / Raft', 'garage': True, 'garageSpaces': 1, 'garageType': 'Attached', 'heating': True, 'heatingType': 'Forced Air', 'roofType': 'Asphalt', 'roomCount': 6, 'unitCount': 1}",2.5,9017.0
275,3.0,1740.0,"{'cooling': True, 'coolingType': 'Central', 'exteriorType': 'Brick', 'fireplace': True, 'floorCount': 1, 'foundationType': 'Slab / Mat / Raft', 'garage': True, 'garageType': 'Garage', 'heating': True, 'heatingType': 'Central', 'roofType': 'Composition Shingle', 'unitCount': 1}",2.0,121968.0
276,3.0,1912.0,"{'architectureType': 'Contemporary', 'cooling': True, 'coolingType': 'Central', 'exteriorType': 'Asbestos Shingle', 'floorCount': 1, 'foundationType': 'Slab', 'garage': True, 'garageSpaces': 2, 'garageType': 'Attached Garage', 'heating': True, 'heatingType': 'Forced Air', 'roofType': 'Asphalt', 'roomCount': 6, 'unitCount': 1}",2.0,13983.0
277,4.0,4218.0,"{'architectureType': 'Conventional', 'cooling': True, 'coolingType': 'Commercial', 'exteriorType': 'OTHER', 'fireplace': True, 'floorCount': 2, 'garage': True, 'garageSpaces': 2, 'garageType': 'Attached', 'heating': True, 'heatingType': 'Forced Air', 'roofType': 'Composition Shingle', 'roomCount': 8, 'unitCount': 1}",4.0,38333.0
278,3.0,750.0,"{'architectureType': 'Conventional', 'exteriorType': 'Aluminum / Vinyl Siding', 'fireplace': True, 'floorCount': 1, 'foundationType': 'Masonry', 'heating': True, 'roofType': 'Asphalt', 'roomCount': 6, 'unitCount': 1, 'cooling': True, 'coolingType': 'Window', 'heatingType': 'Baseboard'}",1.0,8276.0
279,3.0,1602.0,{},2.0,10454.0
280,0.0,880.0,"{'architectureType': 'Mobile Home', 'cooling': True, 'coolingType': 'Commercial', 'exteriorType': 'Other', 'floorCount': 1, 'garage': True, 'garageSpaces': 1, 'garageType': 'Carport', 'roofType': 'Other', 'unitCount': 1}",1.0,4050.0
281,6.0,2568.0,Unknown,2.5,0.0
282,3.0,1176.0,"{'cooling': True, 'coolingType': 'Central', 'exteriorType': 'Aluminum / Vinyl Siding', 'floorCount': 1, 'foundationType': 'OTHER', 'heating': True, 'heatingType': 'Heat Pump', 'roofType': 'Shingle', 'unitCount': 1}",2.0,9148.0
283,3.0,1332.0,"{'architectureType': 'Conventional', 'cooling': True, 'coolingType': 'Central', 'exteriorType': 'Brick', 'floorCount': 1, 'foundationType': 'Raised', 'heating': True, 'heatingType': 'Central', 'roomCount': 6, 'unitCount': 1}",1.0,15682.0
284,3.0,3961.0,"{'architectureType': 'Conventional', 'cooling': True, 'coolingType': 'Central', 'exteriorType': 'Brick / Stone', 'fireplace': True, 'floorCount': 2, 'garage': True, 'garageSpaces': 3, 'garageType': 'Attached', 'heating': True, 'roomCount': 7, 'unitCount': 1}",2.5,0.0
285,0.0,1140.0,"{'garage': True, 'garageType': 'Detached'}",0.0,13504.0
286,0.0,2251.0,"{'architectureType': 'Ranch', 'cooling': True, 'coolingType': 'Commercial', 'exteriorType': 'Stucco', 'floorCount': 1, 'garage': True, 'garageType': 'Attached', 'heating': True, 'heatingType': 'Central', 'roofType': 'Composition Shingle', 'unitCount': 1}",0.0,18295.0
287,0.0,1362.0,Unknown,2.0,0.0
288,3.0,1216.0,"{'architectureType': 'Ranch / Rambler', 'cooling': True, 'coolingType': 'Commercial', 'fireplace': True, 'floorCount': 1, 'heating': True, 'heatingType': 'Heat Pump', 'roomCount': 4, 'unitCount': 1}",1.0,90431.0
289,3.0,2633.0,"{'exteriorType': 'Brick Veneer', 'fireplace': True, 'floorCount': 1, 'foundationType': 'OTHER', 'heating': True, 'heatingType': 'Forced Air', 'roofType': 'Wood Shingle', 'unitCount': 1}",2.0,33025.0
290,3.0,1754.0,"{'architectureType': 'Ranch', 'exteriorType': 'Aluminum / Vinyl Siding', 'fireplace': True, 'floorCount': 1, 'garage': True, 'garageType': 'Attached', 'heating': True, 'heatingType': 'Hot Water', 'roofType': 'Asphalt', 'roomCount': 6, 'unitCount': 1}",2.0,15682.0
291,0.0,0.0,Unknown,0.0,1595167.0
292,4.0,2990.0,"{'floorCount': 3, 'garage': True, 'garageSpaces': 2, 'garageType': 'Garage', 'heating': True, 'roomCount': 8}",5.0,2051.0
293,2.0,1036.0,"{'architectureType': 'Townhouse', 'cooling': True, 'coolingType': 'Central', 'exteriorType': 'Wood', 'fireplace': True, 'fireplaceType': 'Masonry', 'floorCount': 2, 'foundationType': 'Concrete', 'heating': True, 'heatingType': 'Central', 'unitCount': 1}",1.5,1274.0
294,5.0,2273.0,"{'cooling': True, 'coolingType': 'Central', 'fireplace': True, 'fireplaceType': 'Single', 'floorCount': 2, 'heating': True, 'heatingType': 'Forced Air', 'unitCount': 3}",4.0,5500.0
295,3.0,1250.0,{'unitCount': 1},1.0,2500.0
296,3.0,1200.0,"{'architectureType': 'Townhouse', 'cooling': True, 'coolingType': 'Commercial', 'exteriorType': 'Wood', 'fireplace': True, 'floorCount': 2, 'garage': True, 'garageType': 'Garage', 'heating': True, 'heatingType': 'Heat Pump', 'roofType': 'Composition Shingle', 'unitCount': 1}",1.5,1500.0
297,4.0,3090.0,"{'architectureType': 'Conventional', 'cooling': True, 'coolingType': 'Commercial', 'fireplace': True, 'floorCount': 1, 'garage': True, 'garageType': 'Attached', 'heating': True, 'unitCount': 1}",2.5,25178.0
298,3.0,1540.0,"{'architectureType': 'Ranch', 'cooling': True, 'exteriorType': 'Brick', 'fireplace': True, 'floorCount': 1, 'garage': True, 'garageType': 'Detached', 'heating': True, 'heatingType': 'Hot Water', 'roofType': 'Composition Shingle', 'roomCount': 6}",2.5,8400.0
299,3.0,1614.0,"{'architectureType': 'Traditional', 'cooling': True, 'coolingType': 'Central', 'exteriorType': 'Brick Veneer', 'floorCount': 1, 'foundationType': 'Slab / Mat / Raft', 'garage': True, 'garageSpaces': 2, 'garageType': 'Detached', 'heating': True, 'heatingType': 'Central', 'roomCount': 6, 'unitCount': 1}",2.0,24154.0
300,3.0,1642.0,Unknown,2.0,0.0
301,4.0,2032.0,Unknown,2.0,0.0
302,3.0,1380.0,"{'architectureType': 'Conventional', 'cooling': True, 'coolingType': 'Central', 'exteriorType': 'Aluminum / Vinyl Siding', 'fireplace': True, 'fireplaceType': 'Masonry', 'floorCount': 1, 'foundationType': 'Raised', 'garage': True, 'garageType': 'Garage', 'heating': True, 'heatingType': 'Forced Air', 'roofType': 'Composition Shingle', 'roomCount': 3, 'unitCount': 1}",2.0,40729.0
303,0.0,1933.0,"{'cooling': True, 'coolingType': 'Commercial', 'exteriorType': 'Brick', 'fireplace': True, 'floorCount': 1, 'foundationType': 'Footing', 'garage': True, 'garageSpaces': 2, 'garageType': 'Attached', 'heating': True, 'heatingType': 'Central', 'roofType': 'Composition Shingle', 'unitCount': 1}",2.0,5663.0
304,5.0,1988.0,"{'floorCount': 1, 'foundationType': 'OTHER', 'garage': True, 'garageSpaces': 2, 'garageType': 'Attached', 'heating': True, 'heatingType': 'Electric', 'roomCount': 10}",3.0,10106.0
305,4.0,3174.0,"{'garage': True, 'garageType': 'Garage'}",3.5,6718.0
306,3.0,1756.0,"{'cooling': True, 'coolingType': 'Central', 'floorCount': 1, 'garage': True, 'garageSpaces': 2, 'garageType': 'Garage', 'heating': True, 'heatingType': 'Central', 'unitCount': 1}",2.0,8185.0
307,4.0,1687.0,Unknown,3.0,0.0
308,3.0,1850.0,{},2.0,0.0
309,3.0,2578.0,"{'cooling': True, 'coolingType': 'Central', 'heating': True, 'heatingType': 'Solar', 'unitCount': 1}",3.0,3866.0
310,4.0,2585.0,"{'architectureType': 'Colonial', 'exteriorType': 'Wood', 'fireplace': True, 'fireplaceType': '2 Story', 'floorCount': 2, 'garage': True, 'garageSpaces': 2, 'garageType': 'Garage', 'heating': True, 'heatingType': 'Forced Air', 'pool': True, 'poolType': 'Pool, Plastic w/ Vinyl Lining', 'unitCount': 1}",3.0,25657.0
311,4.0,2200.0,Unknown,2.5,0.0
312,0.0,459.0,Unknown,1.0,0.0
313,0.0,2692.0,"{'cooling': True, 'coolingType': 'Central', 'exteriorType': 'Brick', 'fireplace': True, 'fireplaceType': '2 Story', 'floorCount': 1, 'foundationType': 'Slab', 'garage': True, 'garageType': 'Carport', 'heating': True, 'heatingType': 'Central', 'roofType': 'Asphalt', 'unitCount': 1}",3.0,13155.0
314,3.0,1652.0,"{'architectureType': 'Conventional', 'cooling': True, 'coolingType': 'Central', 'exteriorType': 'Brick', 'floorCount': 1, 'garage': True, 'garageSpaces': 2, 'garageType': 'Basement', 'heating': True, 'roomCount': 7, 'unitCount': 1}",2.0,9496.0
315,0.0,1168.0,"{'cooling': True, 'coolingType': 'Commercial', 'exteriorType': 'Siding', 'fireplace': True, 'floorCount': 1, 'foundationType': 'Footing', 'heating': True, 'roofType': 'Composition Shingle', 'unitCount': 1}",1.0,9600.0
316,0.0,2512.0,"{'cooling': True, 'coolingType': 'Refrigeration', 'exteriorType': 'Wood', 'floorCount': 1, 'garage': True, 'garageSpaces': 2, 'garageType': 'Garage', 'heating': True, 'heatingType': 'Forced Air', 'roofType': 'Concrete Tile', 'roomCount': 10, 'unitCount': 1}",3.0,9103.0
317,0.0,720.0,"{'cooling': True, 'coolingType': 'Window', 'exteriorType': 'Wood Frame'}",0.0,11326.0
318,4.0,3064.0,Unknown,1.5,0.0
319,0.0,1271.0,"{'exteriorType': 'Wood', 'fireplace': True, 'foundationType': 'Retaining Wall', 'heating': True, 'roofType': 'Shingle (Not Wood)', 'unitCount': 1}",0.0,6850.0
320,0.0,3434.0,"{'cooling': True, 'coolingType': 'Commercial', 'exteriorType': 'Brick Veneer', 'fireplace': True, 'fireplaceType': 'Single', 'floorCount': 2, 'foundationType': 'Raised', 'garage': True, 'garageSpaces': 2, 'garageType': 'Attached', 'heating': True, 'heatingType': 'Central', 'roofType': 'Asphalt', 'unitCount': 1}",3.5,4692.0
321,4.0,748.0,"{'architectureType': 'Single Story', 'cooling': True, 'coolingType': 'Central', 'exteriorType': 'Stucco', 'floorCount': 1, 'garage': True, 'garageSpaces': 1, 'garageType': 'Detached', 'heating': True, 'heatingType': 'Heat Pump', 'roofType': 'Composition Shingle', 'unitCount': 1}",2.0,5400.0
322,3.0,1544.0,"{'cooling': True, 'coolingType': 'Central', 'exteriorType': 'Concrete Block', 'floorCount': 1, 'garage': True, 'garageSpaces': 2, 'garageType': 'Carport', 'heating': True, 'heatingType': 'Forced Air', 'roofType': 'Built-up (Layered Asphalt)', 'unitCount': 1}",2.0,9200.0
323,5.0,2909.0,"{'exteriorType': 'Stucco', 'floorCount': 2}",4.5,7225.0
324,3.0,1568.0,"{'architectureType': 'Traditional', 'exteriorType': 'Aluminum / Vinyl Siding', 'floorCount': 2, 'heating': True, 'heatingType': 'Forced Air'}",1.0,9148.0
325,4.0,1408.0,"{'architectureType': 'Colonial', 'exteriorType': 'Aluminum / Vinyl Siding', 'floorCount': 2, 'garage': True, 'garageSpaces': 2, 'garageType': 'Detached', 'heating': True, 'heatingType': 'Forced Air', 'roofType': 'Asphalt', 'roomCount': 6, 'unitCount': 1}",2.0,5200.0
326,0.0,1283.0,"{'cooling': True, 'coolingType': 'Commercial', 'exteriorType': 'Brick', 'floorCount': 1, 'foundationType': 'Pier / Post & Beam', 'heating': True, 'heatingType': 'Forced Air', 'roofType': 'Shingle', 'roomCount': 7, 'unitCount': 5}",1.5,0.0
327,3.0,1176.0,"{'cooling': True, 'coolingType': 'Central', 'exteriorType': 'Concrete Block', 'floorCount': 1, 'garage': True, 'garageType': 'Carport', 'heating': True, 'heatingType': 'Forced Air', 'roofType': 'Composition Shingle', 'unitCount': 1}",2.0,6122.0
328,2.0,900.0,"{'cooling': True, 'coolingType': 'Central', 'exteriorType': 'Composition', 'floorCount': 1, 'foundationType': 'Slab / Mat / Raft', 'heating': True, 'heatingType': 'Central', 'roofType': 'Asphalt', 'unitCount': 1}",1.0,1025.0
329,4.0,1620.0,"{'architectureType': 'Traditional', 'cooling': True, 'coolingType': 'Central', 'exteriorType': 'Composition', 'fireplace': True, 'floorCount': 2, 'garage': True, 'garageType': 'Detached Garage', 'heating': True, 'heatingType': 'Hot Water'}",2.0,3049.0
330,5.0,2020.0,Unknown,2.0,0.0
331,2.0,1092.0,Unknown,1.0,0.0
332,0.0,0.0,Unknown,0.0,9714.0
333,0.0,3494.0,"{'exteriorType': 'Brick', 'floorCount': 2, 'garage': True, 'garageSpaces': 3, 'garageType': 'Attached', 'unitCount': 1}",0.0,217800.0
334,3.0,1628.0,"{'cooling': True, 'coolingType': 'Central', 'exteriorType': 'Stucco', 'floorCount': 1, 'garage': True, 'garageSpaces': 1, 'garageType': 'Garage', 'heating': True, 'heatingType': 'Forced Air', 'roofType': 'Composition Shingle', 'unitCount': 1}",2.0,4725.0
335,3.0,1964.0,"{'architectureType': 'Condo / Apartment', 'unitCount': 1}",2.0,0.0
336,3.0,952.0,"{'exteriorType': 'Wood Siding', 'floorCount': 1, 'foundationType': 'Crawl / Raised', 'garage': True, 'garageSpaces': 1, 'garageType': 'Carport', 'heating': True, 'heatingType': 'Forced Air', 'roofType': 'Composition Shingle', 'roomCount': 5, 'unitCount': 1}",1.0,7841.0
337,3.0,1450.0,Unknown,2.5,726.0
338,4.0,3100.0,{'floorCount': 2},2.0,6708.0
339,3.0,1239.0,"{'architectureType': 'Other', 'cooling': True, 'coolingType': 'Commercial', 'exteriorType': 'Stucco', 'floorCount': 1, 'foundationType': 'Block', 'garage': True, 'garageType': 'Attached', 'heating': True, 'heatingType': 'Heat Pump', 'roofType': 'Asphalt', 'unitCount': 1}",2.0,10000.0
340,3.0,1457.0,"{'floorCount': 1, 'garage': True, 'garageSpaces': 2, 'garageType': 'Garage', 'roomCount': 7, 'unitCount': 1, 'cooling': True, 'coolingType': 'Central'}",2.0,2465.0
341,3.0,2454.0,"{'architectureType': 'Cape Cod', 'cooling': True, 'coolingType': 'Central', 'exteriorType': 'Aluminum / Vinyl Siding', 'floorCount': 1, 'garage': True, 'garageSpaces': 2, 'garageType': 'Attached', 'heating': True, 'heatingType': 'Central', 'roomCount': 6, 'unitCount': 1}",3.5,6534.0
342,3.0,2961.0,Unknown,2.5,0.0
343,1.0,704.0,"{'architectureType': 'Condo / Apartment', 'cooling': True, 'coolingType': 'Central', 'exteriorType': 'Concrete Block', 'floorCount': 1, 'foundationType': 'Slab / Mat / Raft', 'heating': True, 'heatingType': 'Central', 'roomCount': 4, 'unitCount': 1}",1.0,0.0
344,0.0,972.0,"{'cooling': True, 'coolingType': 'Central', 'exteriorType': 'Wood', 'floorCount': 1, 'foundationType': 'Block with Runner', 'heating': True, 'heatingType': 'Central', 'roofType': 'Composition Shingle', 'unitCount': 1, 'viewType': 'Average'}",2.0,2375.0
345,2.0,1260.0,"{'architectureType': 'Cape Cod', 'exteriorType': 'Aluminum / Vinyl Siding', 'fireplace': True, 'floorCount': 2, 'garage': True, 'garageSpaces': 1, 'garageType': 'Underground / Basement', 'heating': True, 'heatingType': 'Hot Water', 'roomCount': 5, 'unitCount': 1}",1.0,8276.0
346,2.0,1147.0,Unknown,2.0,0.0
347,2.0,880.0,Unknown,2.0,0.0
348,3.0,1564.0,"{'cooling': True, 'coolingType': 'Central', 'exteriorType': 'Brick Veneer', 'floorCount': 1, 'foundationType': 'Slab / Mat / Raft', 'garage': True, 'garageSpaces': 2, 'garageType': 'Attached', 'heating': True, 'heatingType': 'Central', 'roofType': 'Composition Shingle', 'unitCount': 1}",2.0,9300.0
349,0.0,1284.0,"{'cooling': True, 'coolingType': 'Central', 'exteriorType': 'Brick / Stone', 'floorCount': 1, 'foundationType': 'Slab / Mat / Raft', 'garage': True, 'garageType': 'Attached', 'heating': True, 'heatingType': 'Central', 'roofType': 'Asphalt'}",2.0,6970.0
350,0.0,1784.0,"{'exteriorType': 'Brick', 'floorCount': 2, 'viewType': 'Average'}",0.0,1501.0
351,1.0,818.0,Unknown,1.0,0.0
352,3.0,3275.0,"{'architectureType': 'Contemporary', 'cooling': True, 'coolingType': 'Central', 'exteriorType': 'Wood', 'fireplace': True, 'floorCount': 2, 'garage': True, 'garageSpaces': 2, 'garageType': 'Attached Garage', 'heating': True, 'heatingType': 'Heat Pump', 'pool': True, 'roomCount': 8, 'unitCount': 1}",4.0,96877.0
353,12.0,6960.0,{},12.0,0.0
354,2.0,990.0,"{'cooling': True, 'coolingType': 'Commercial', 'exteriorType': 'Brick', 'fireplace': True, 'floorCount': 1, 'garage': True, 'garageSpaces': 1, 'garageType': 'Garage', 'heating': True, 'heatingType': 'Forced Air', 'roofType': 'Composition Shingle', 'roomCount': 5, 'unitCount': 1}",2.0,0.0
355,3.0,1266.0,"{'cooling': True, 'coolingType': 'Central', 'exteriorType': 'Concrete Block', 'floorCount': 1, 'garage': True, 'garageSpaces': 1, 'garageType': 'Garage', 'heating': True, 'heatingType': 'Central', 'roofType': 'Composition Shingle', 'unitCount': 1}",2.0,8050.0
356,3.0,1144.0,"{'cooling': True, 'coolingType': 'Central', 'exteriorType': 'Vinyl', 'floorCount': 1, 'foundationType': 'Slab / Mat / Raft', 'heating': True, 'heatingType': 'Central', 'roofType': 'Shingle', 'unitCount': 1}",2.0,3750.0
357,3.0,1237.0,"{'architectureType': 'A-Frame', 'cooling': True, 'coolingType': 'Commercial', 'exteriorType': 'Aluminum / Vinyl Siding', 'floorCount': 3, 'foundationType': 'OTHER', 'heating': True, 'heatingType': 'Forced Air', 'roofType': 'Shingle', 'roomCount': 8, 'unitCount': 1}",2.0,1568.0
358,3.0,1972.0,Unknown,2.5,5789.0
359,3.0,1308.0,Unknown,1.5,1400.0
360,0.0,2978.0,"{'floorCount': 2, 'garage': True, 'garageType': 'Attached'}",0.0,8233.0
361,0.0,1687.0,"{'architectureType': 'Ranch / Rambler', 'cooling': True, 'coolingType': 'Central', 'exteriorType': 'Wood', 'fireplace': True, 'floorCount': 1, 'foundationType': 'Concrete', 'garage': True, 'garageSpaces': 2, 'garageType': 'Garage', 'heating': True, 'heatingType': 'Central', 'roofType': 'Shingle (Not Wood)', 'roomCount': 7, 'unitCount': 1}",2.0,10000.0
362,3.0,1030.0,Unknown,2.0,6000.0
363,3.0,2000.0,Unknown,2.0,0.0
364,2.0,840.0,{},1.0,0.0
365,2.0,1030.0,"{'fireplace': True, 'floorCount': 1, 'garage': True, 'garageSpaces': 2, 'garageType': 'Detached', 'heating': True, 'roofType': 'Composition Shingle', 'unitCount': 1, 'cooling': True, 'coolingType': 'Central', 'heatingType': 'Central'}",1.0,37026.0
366,0.0,884.0,"{'architectureType': 'Multi-Unit Building', 'exteriorType': 'Aluminum / Vinyl Siding', 'fireplace': True, 'floorCount': 2, 'foundationType': 'Pier / Post & Beam', 'heating': True, 'roofType': 'Shingle', 'unitCount': 1}",3.0,6000.0
367,0.0,1075.0,{'unitCount': 1},1.0,6461.0
368,2.0,1033.0,"{'cooling': True, 'coolingType': 'Commercial', 'exteriorType': 'Aluminum / Vinyl Siding', 'fireplace': True, 'floorCount': 1, 'heating': True, 'heatingType': 'Heat Pump', 'roofType': 'Composition Shingle', 'roomCount': 4, 'unitCount': 1}",1.0,0.0
369,2.0,1188.0,"{'exteriorType': 'Other', 'floorCount': 2, 'roomCount': 4, 'unitCount': 1}",2.0,0.0
370,3.0,1896.0,"{'architectureType': 'Colonial', 'cooling': True, 'coolingType': 'Commercial', 'floorCount': 2, 'foundationType': 'Slab / Mat / Raft', 'garage': True, 'garageType': 'Attached', 'heating': True, 'heatingType': 'Radiant', 'roofType': 'Shingle', 'roomCount': 7, 'unitCount': 1}",2.5,14224.0
371,0.0,1340.0,"{'cooling': True, 'coolingType': 'Central', 'exteriorType': 'Wood', 'fireplace': True, 'floorCount': 1, 'foundationType': 'Pier', 'heating': True, 'heatingType': 'Central', 'roofType': 'Composition Shingle', 'unitCount': 1}",1.0,5663.0
372,0.0,0.0,Unknown,0.0,11326.0
373,4.0,2618.0,"{'cooling': True, 'coolingType': 'Central', 'exteriorType': 'Stucco', 'floorCount': 2, 'garage': True, 'garageType': 'Garage', 'heating': True, 'heatingType': 'Forced Air', 'roofType': 'Composition Shingle', 'unitCount': 1}",2.5,6581.0
374,2.0,867.0,"{'floorCount': 1, 'heating': True, 'heatingType': 'Floor / Wall', 'unitCount': 1}",1.0,5213.0
375,4.0,2699.0,"{'exteriorType': 'Wood', 'floorCount': 2, 'garage': True, 'garageType': 'Attached', 'heating': True, 'heatingType': 'Central', 'roomCount': 8, 'unitCount': 1}",2.5,5000.0
376,1.0,730.0,"{'architectureType': 'Condo / Apartment', 'cooling': True, 'coolingType': 'Central', 'exteriorType': 'Stucco', 'fireplace': True, 'floorCount': 1, 'heating': True, 'heatingType': 'Forced Air', 'roofType': 'Tile', 'roomCount': 3}",1.0,0.0
377,2.0,1228.0,"{'cooling': True, 'coolingType': 'Central', 'exteriorType': 'Aluminum / Vinyl Siding', 'fireplace': True, 'fireplaceType': 'Prefab', 'floorCount': 1, 'foundationType': 'Slab / Mat / Raft', 'heating': True, 'heatingType': 'Steam', 'roofType': 'Asphalt', 'unitCount': 1}",2.0,69696.0
378,2.0,0.0,Unknown,1.0,0.0
379,3.0,1034.0,"{'cooling': True, 'coolingType': 'Commercial', 'exteriorType': 'Brick Veneer', 'fireplace': True, 'floorCount': 1, 'foundationType': 'Retaining Wall', 'garage': True, 'garageType': 'Carport', 'heating': True, 'heatingType': 'Central', 'roofType': 'Asphalt'}",1.0,6098.0
380,3.0,1353.0,"{'architectureType': 'Cape Cod', 'cooling': True, 'coolingType': 'Central', 'exteriorType': 'Wood', 'fireplace': True, 'fireplaceType': 'Masonry', 'floorCount': 1, 'foundationType': 'Raised', 'garage': True, 'garageSpaces': 2, 'garageType': 'Carport', 'heating': True, 'heatingType': 'Central', 'roofType': 'Shingle', 'roomCount': 7, 'unitCount': 1}",2.5,10454.0
381,4.0,3476.0,"{'architectureType': 'Split Level', 'cooling': True, 'coolingType': 'Central', 'exteriorType': 'Wood', 'fireplace': True, 'floorCount': 2, 'garage': True, 'garageSpaces': 2, 'garageType': 'Detached', 'roofType': 'Shingle', 'unitCount': 1}",2.5,12540.0
382,2.0,616.0,Unknown,1.0,8184.0
383,2.0,1252.0,Unknown,2.5,0.0
384,0.0,2435.0,"{'cooling': True, 'coolingType': 'Central', 'exteriorType': 'Brick Veneer', 'fireplace': True, 'foundationType': 'Slab / Mat / Raft', 'garage': True, 'garageType': 'Garage', 'heating': True, 'heatingType': 'Central', 'roofType': 'Composition Shingle'}",2.0,12632.0
385,4.0,2456.0,"{'cooling': True, 'coolingType': 'Central', 'exteriorType': 'Aluminum / Vinyl Siding', 'fireplace': True, 'floorCount': 2, 'garage': True, 'garageSpaces': 2, 'garageType': 'Garage', 'heating': True, 'heatingType': 'Forced Air', 'roomCount': 8, 'unitCount': 1}",2.5,12672.0
386,3.0,1687.0,"{'architectureType': 'Single Story', 'cooling': True, 'coolingType': 'Central', 'exteriorType': 'Stucco', 'fireplace': True, 'floorCount': 1, 'garage': True, 'garageSpaces': 1, 'garageType': 'Attached', 'heating': True, 'heatingType': 'Forced Air', 'roofType': 'Tile', 'roomCount': 6, 'unitCount': 1}",2.0,6534.0
387,0.0,1958.0,"{'architectureType': 'Condo / Apartment', 'cooling': True, 'coolingType': 'Central', 'heating': True, 'heatingType': 'Central'}",0.0,405.0
388,4.0,1707.0,"{'cooling': True, 'coolingType': 'Central', 'fireplace': True, 'floorCount': 1, 'foundationType': 'Slab / Mat / Raft', 'garage': True, 'garageSpaces': 2, 'garageType': 'Attached', 'heating': True, 'heatingType': 'Central', 'roofType': 'Wood Shingle', 'roomCount': 7, 'unitCount': 1}",2.0,6050.0
389,4.0,4706.0,"{'architectureType': 'Conventional', 'cooling': True, 'coolingType': 'Commercial', 'exteriorType': 'Brick Veneer', 'fireplace': True, 'floorCount': 1, 'foundationType': 'Other', 'heating': True, 'heatingType': 'Forced Air', 'roofType': 'Shingle', 'roomCount': 8, 'unitCount': 1}",3.0,26136.0
390,3.0,1176.0,"{'cooling': True, 'coolingType': 'Central', 'exteriorType': 'Aluminum / Vinyl Siding', 'floorCount': 1, 'foundationType': 'Pier / Post & Beam', 'garage': True, 'garageSpaces': 1, 'garageType': 'Mixed', 'heating': True, 'heatingType': 'Central', 'roofType': 'Composition Shingle', 'unitCount': 1}",1.0,8408.0
391,4.0,3651.0,"{'cooling': True, 'coolingType': 'Refrigeration', 'exteriorType': 'Wood', 'floorCount': 1, 'garage': True, 'garageSpaces': 3, 'garageType': 'Garage', 'heating': True, 'heatingType': 'Forced Air', 'pool': True, 'roofType': 'Tile', 'roomCount': 7, 'unitCount': 1}",4.0,51678.0
392,3.0,1672.0,"{'architectureType': 'Townhouse', 'cooling': True, 'coolingType': 'Commercial', 'exteriorType': 'Aluminum / Vinyl Siding', 'fireplace': True, 'floorCount': 2, 'garage': True, 'garageSpaces': 1, 'garageType': 'Underground / Basement', 'heating': True, 'heatingType': 'Forced Air', 'roofType': 'Composition Shingle', 'unitCount': 1}",3.5,2060.0
393,0.0,1629.0,"{'cooling': True, 'coolingType': 'Refrigeration', 'exteriorType': 'Wood', 'floorCount': 1, 'garage': True, 'garageSpaces': 2, 'garageType': 'Garage', 'heating': True, 'heatingType': 'Forced Air', 'roofType': 'Other', 'roomCount': 6, 'unitCount': 1}",2.0,6055.0
394,2.0,700.0,Unknown,1.5,0.0
395,0.0,2152.0,"{'cooling': True, 'coolingType': 'Refrigeration', 'exteriorType': 'Wood', 'floorCount': 1, 'garage': True, 'garageSpaces': 3, 'garageType': 'Garage', 'heating': True, 'heatingType': 'Forced Air', 'roofType': 'Other', 'roomCount': 8, 'unitCount': 1}",2.0,7758.0
396,3.0,1152.0,"{'architectureType': 'Cape Cod', 'cooling': True, 'coolingType': 'Commercial', 'exteriorType': 'OTHER', 'floorCount': 2, 'heating': True, 'heatingType': 'Hot Water', 'roofType': 'Asphalt', 'roomCount': 5}",1.0,11292.0
397,0.0,585.0,"{'architectureType': 'Condo / Apartment', 'fireplace': True, 'floorCount': 1, 'unitCount': 1}",0.0,1742.0
398,4.0,2356.0,Unknown,2.0,0.0
399,0.0,1328.0,"{'architectureType': 'Condo / Apartment', 'cooling': True, 'coolingType': 'Refrigeration', 'exteriorType': 'Stucco', 'floorCount': 1, 'garage': True, 'garageSpaces': 2, 'garageType': 'Carport', 'heating': True, 'heatingType': 'Forced Air', 'roofType': 'Built-up (Layered Asphalt)', 'roomCount': 5, 'unitCount': 1}",2.0,171.0
400,2.0,1092.0,Unknown,2.0,1249.0
401,3.0,1900.0,Unknown,1.0,0.0
402,3.0,1197.0,"{'cooling': True, 'coolingType': 'Central', 'floorCount': 1, 'garage': True, 'garageSpaces': 2, 'garageType': 'Attached', 'heating': True, 'heatingType': 'Central', 'roofType': 'Asphalt', 'roomCount': 7, 'unitCount': 1}",2.0,3528.0
403,3.0,1248.0,"{'cooling': True, 'coolingType': 'Refrigeration', 'fireplace': True, 'fireplaceType': 'Single', 'floorCount': 1, 'garage': True, 'garageType': 'Attached', 'heating': True, 'heatingType': 'Forced Air', 'unitCount': 1}",2.0,4791.0
404,0.0,0.0,Unknown,0.0,445619.0
405,0.0,2368.0,"{'garage': True, 'garageType': 'Carport'}",0.0,87120.0
406,3.0,1687.0,"{'cooling': True, 'coolingType': 'Commercial', 'exteriorType': 'Other', 'floorCount': 1, 'foundationType': 'OTHER', 'garage': True, 'garageSpaces': 2, 'garageType': 'Attached', 'heating': True, 'heatingType': 'Central', 'roofType': 'Tile', 'unitCount': 1}",2.0,7040.0
407,3.0,2713.0,"{'cooling': True, 'coolingType': 'Central', 'exteriorType': 'Siding', 'floorCount': 2, 'foundationType': 'OTHER', 'garage': True, 'garageType': 'Garage', 'heating': True, 'heatingType': 'Heat Pump', 'roofType': 'Composition Shingle', 'roomCount': 3, 'unitCount': 1}",2.0,7841.0
408,2.0,1157.0,"{'architectureType': 'Condo / Apartment', 'cooling': True, 'coolingType': 'Central', 'exteriorType': 'Aluminum / Vinyl Siding', 'floorCount': 1, 'heating': True, 'heatingType': 'Central'}",2.0,0.0
409,0.0,2680.0,"{'cooling': True, 'coolingType': 'Central', 'exteriorType': 'Brick', 'fireplace': True, 'fireplaceType': 'Prefab', 'floorCount': 2, 'foundationType': 'Slab / Mat / Raft', 'garage': True, 'garageType': 'Garage', 'heating': True, 'heatingType': 'Electric', 'roofType': 'Composition Shingle', 'unitCount': 1}",3.0,6895.0
